Country_Name,Year_Group,general_HHI,export_share_commodities,import_share_capital_consumer,economic_complexity_index_sitc,exports_HHI,imports_HHI,normalized_general_HHI,normalized_export_share_commodities,normalized_import_share_capital_consumer,normalized_economic_complexity_index_sitc,normalized_exports_HHI,normalized_imports_HHI,score
Afghanistan,1988-2004,,0,0,,0,0,,0,0,0.8,0,0,0.8
Afghanistan,2005-2023,0.25727272727272726,39.50933333333333,15.442666666666666,,3670.56596,1013.7805037475499,0.28417794970986454,0.4171112456187272,0.18483291308927258,0.8,0.4441675283216661,0.28857322228269744,2.418862859022228
Albania,1988-2004,0.41888888888888887,10.944117647058823,30.92705882352941,-0.2600901,1088.906394117647,897.2115424320099,0.4904964539007091,0.11554015618155877,0.37016523758652864,0.6417659660692321,0.1317662907899068,0.25539179823614744,2.0051259027640826
Albania,2005-2023,0.2985714285714286,27.692666666666668,53.80866666666667,-0.4002838,1613.4160266666665,1538.5333153478855,0.3368996960486322,0.29235934178854467,0.6440346621556924,0.6715849158594575,0.19523610705502664,0.4379444216553802,2.5780591445627334
Algeria,1988-2004,0.10384615384615385,74.56117647058824,40.38823529411765,-0.9000405,7161.690747058823,1543.3936367396927,0.08831423895253682,0.7871635021035905,0.4834058356035274,0.777882274047655,0.8666212547029843,0.4393279150251764,3.4427150204354704
Algeria,2005-2023,0.10076923076923078,85.218,50.416000000000004,-1.3132030666666668,8263.922340000001,1907.2851744899092,0.08438625204582652,0.899670612744753,0.6034279148447225,0.8657612146179798,1,0.5429098572915815,3.9961558515448634
Andorra,1988-2004,0.273,11.027058823529412,50.52411764705882,,853.282205882353,1122.1816744542664,0.30425531914893617,0.11641578972209089,0.6047219724122134,0.8,0.10325389939256772,0.31942967988315213,2.24807666055896
Andorra,2005-2023,0.31384615384615383,9.922666666666666,75.15533333333333,,1494.1462933333332,1565.9727605655785,0.3563993453355155,0.10475640827127997,0.8995324119881267,0.8,0.18080352547617637,0.4457550760276515,2.78724676709875
Anguila,1988-2004,0.142,5.724705882352941,18.561764705882354,,629.3392294117647,496.1643509662629,0.13702127659574465,0.060437344797577536,0.2221653239509075,0.8,0.07615502705846636,0.14123347707995781,1.437012449482654
Anguila,2005-2023,0.20666666666666667,11.409333333333334,12.654666666666667,,802.7181,336.9691961420214,0.21957446808510633,0.1204515702200138,0.15146340684944623,0.8,0.0971352424398509,0.09591848174358662,1.484543169338004
Antigua and Barbuda,1988-2004,0.25,1.338235294117647,8.724705882352941,,279.35175882352945,215.22821811849965,0.27489361702127657,0.014128129820642097,0.10442579891744128,0.8,0.03380377347828869,0.061264840070435006,1.2885161593080836
Antigua and Barbuda,2005-2023,0.4185714285714286,24.459333333333333,68.146,,2549.1894399999996,1657.9822261464114,0.4900911854103343,0.25822412409735224,0.8156378666496441,0.8,0.3084720953464332,0.471945625032115,3.1443708965358788
Argentina,1988-2004,0.09166666666666667,46.39411764705883,46.68411764705883,0.0702954,957.6729470588235,1791.4041764300325,0.07276595744680851,0.48979586767210653,0.5587611029857668,0.5714935598489921,0.11588600517497402,0.5099242623942063,2.318626755522854
Argentina,2005-2023,0.056,64.32666666666667,69.96000000000001,-0.053390133333333326,1499.0319666666667,2429.5894860496956,0.02723404255319149,0.679114877324362,0.837349589863075,0.5978012520508805,0.18139473061246925,0.6915840896740245,3.0144785820780027
Armenia,1988-2004,0.13428571428571429,8.924117647058823,22.504117647058823,0.5844669,975.6328294117646,629.4658063593054,0.12717325227963525,0.09421444286108187,0.2693512533161105,0.4621301994264848,0.11805929306588384,0.1791778154999069,1.2501062564491032
Armenia,2005-2023,0.112,46.01266666666667,65.67466666666667,0.011359333333333334,1863.4332133333332,1583.1785406816975,0.09872340425531914,0.4857687814079194,0.7860585362739778,0.5840291560474424,0.22549016516209577,0.45065271155293724,2.6307227546996916
Aruba,1988-2004,0.606,23.01764705882353,0,,1361.2510411764708,0,0.7293617021276595,0.2430038329150441,0,0.8,0.1647221482936238,0,1.9370876833363275
Aruba,2005-2023,0.2866666666666667,66.992,60.55133333333333,,4599.109353333333,1267.8989692568828,0.32170212765957445,0.707253557804648,0.7247374804506718,0.8,0.5565286269780377,0.3609081943624363,3.4711299872553685
Australia,1988-2004,0.14470588235294118,49.701764705882354,71.67117647058824,-0.029678200000000002,966.8293882352941,2588.165169810216,0.1404755944931164,0.5247156364551705,0.8578306206782608,0.5927577661489047,0.11699400701716832,0.7367227522043218,2.9694963769969425
Australia,2005-2023,0.14,63.846000000000004,73.65266666666666,-0.43503606666666667,1580.49636,2258.2757020003346,0.13446808510638297,0.6740403429005786,0.881547030097986,0.6789766609580593,0.1912525668773407,0.6428195193337797,3.203104205274127
Austria,1988-2004,0.13272727272727272,10.768823529411765,45.89823529411765,1.9181916,996.7760235294118,1534.4996317321343,0.12518375241779495,0.11368952642922853,0.5493548956399131,0.1784493359976479,0.12061778687158035,0.436796231219321,1.524091528575486
Austria,2005-2023,0.106,17.362,67.95266666666667,1.7821894,1397.2398133333334,2061.205831335241,0.09106382978723403,0.1832955617178812,0.8133238645431043,0.20737676121832604,0.1690770745231051,0.5867234636467372,2.050860555436388
Azerbaijan,1988-2004,0.16,44.40941176470588,33.64823529411765,-0.2640382,3392.2339176470587,1144.536179847522,0.16,0.4688427643688773,0.402734934578983,0.6426057198931685,0.4104871486058832,0.3257929031154211,2.410463470562333
Azerbaijan,2005-2023,0.12466666666666666,94.72133333333333,66.904,-1.2780342666666666,8200.494793333333,2351.2543427719165,0.11489361702127658,1,0.8007723979445277,0.8582808736227534,0.992324764917059,0.6692859446316983,4.435557598137315
"Bahamas, The",1988-2004,0.135,24.490000000000002,35.578823529411764,,727.6022470588235,823.9157677791814,0.1280851063829787,0.2585478808012275,0.42584209963069836,0.8,0.0880456298018434,0.23452811246483354,1.9350488290815815
"Bahamas, The",2005-2023,0.14214285714285715,39.092666666666666,72.12933333333334,,1590.10648,1626.4099507209298,0.13720364741641336,0.4127123773595529,0.8633142893619737,0.8,0.19241546744738647,0.46295855808749675,2.868604339672823
Bahrain,1988-2004,0.042,22.09470588235294,11.647058823529411,-0.3462581,1530.6337588235294,573.5148271987293,0.009361702127659579,0.23326008096401663,0.13940337234124442,0.660093745887613,0.18521879754541948,0.16325133606322983,1.390589034929183
Bahrain,2005-2023,0.053571428571428575,64.02466666666666,37.595333333333336,-0.008888066666666663,3945.7411333333334,2153.002562126031,0.02413373860182371,0.6759265776101124,0.4499776579106955,0.5883357418924741,0.4774659019040749,0.6128534575669125,2.828693075486093
Bangladesh,1988-2004,0.175,8.862941176470589,25.71294117647059,-0.8505391,5180.710882352942,1386.6321121228832,0.1791489361702127,0.09356858549785253,0.30775758645355944,0.7673534146114188,0.6269070145149671,0.3947056539722197,2.3694411912202304
Bangladesh,2005-2023,0.092,4.183333333333334,26.086666666666666,-0.8186875333333333,4951.92838,1111.1990622012252,0.07319148936170211,0.04416463732210977,0.3122306980307044,0.7605786432260189,0.5992225212513311,0.31630347278484444,2.105691461976711
Barbados,1988-2004,0.17625,27.644117647058824,33.67411764705882,,698.5176470588235,908.3922572310425,0.18074468085106382,0.29184679600926394,0.40304471985085244,0.8,0.08452616303976829,0.25857439534178694,2.0187367550927355
Barbados,2005-2023,0.18133333333333335,54.166,80.476,,1526.22152,1726.2097521642888,0.18723404255319145,0.5718458355034416,0.9632153458236251,0.8,0.1846848817313547,0.49136663082042353,3.1983467364320366
Belarus,1988-2004,0.3914285714285714,12.536470588235295,18.32764705882353,0.8134665,442.5402823529412,698.4375171242775,0.45544072948328257,0.13235107812638436,0.21936317535536126,0.4134223931956651,0.05355087622386116,0.19881065391830535,1.4729389063028597
Belarus,2005-2023,0.24266666666666667,47.124,48.102000000000004,0.9558542666666666,1520.4334933333332,1895.9178034658853,0.265531914893617,0.49750144282878905,0.5757317034247231,0.38313676934112917,0.18398448470092146,0.5396741283806786,2.4455604435698586
Belgium,1988-2004,0.08,6.23764705882353,21.147058823529413,1.4320836,372.28668823529415,659.4667246665903,0.05787234042553191,0.0658526103815775,0.25310864826604734,0.2818436400542986,0.04504963538116866,0.1877175947079011,0.8914444692165251
Belgium,2005-2023,0.07466666666666667,21.684,57.67,1.2030720666666668,1130.4379333333334,1643.7699665345021,0.05106382978723405,0.22892414239664421,0.6902508697456193,0.33055398448382123,0.1367919356964012,0.4679000968956337,1.9054848590053537
Belgium-Luxembourg,1988-2004,0.095,4.146470588235294,12.490588235294117,,226.84824705882352,430.04250350034266,0.07702127659574468,0.04377546685965106,0.14949955597444364,0.8,0.027450433066245814,0.12241185394162497,1.2201585864377102
Belgium-Luxembourg,2005-2023,,0,0,,0,0,,0,0,0.8,0,0,0.8
Belize,1988-2004,0.18923076923076923,57.366470588235295,46.748823529411766,,2734.4039058823532,1351.3106443323718,0.19731587561374794,0.6056341118674634,0.5595355661654403,0.8,0.3308845114198342,0.3846513771949651,2.878021442261451
Belize,2005-2023,0.23533333333333334,87.358,72.04066666666667,,2618.6425133333332,1591.2158068514102,0.2561702127659574,0.9222632001238722,0.8622530401200089,0.8,0.31687646683927245,0.45294052413994595,3.610503443989057
Benin,1988-2004,0.11571428571428571,11.48,25.44235294117647,,1908.6542470588233,589.0329055455327,0.10346504559270515,0.12119761827676975,0.3045189222476517,0.8,0.23096226810122988,0.16766856627787552,1.727812420496232
Benin,2005-2023,0.136,39.84466666666667,66.846,,2608.7704,1399.07011608012,0.12936170212765957,0.4206514547937107,0.8000781973125658,0.8,0.31568186300259926,0.3982461391832063,2.8640193564197416
Bermuda,1988-2004,0.18,0.08823529411764706,8.551764705882352,,570.8529411764706,221.17716290774817,0.18553191489361698,9.315250431192592e-4,0.10235587005540461,0.8,0.06907772334855589,0.06295821073663871,1.2208552440773355
Bermuda,2005-2023,0.3433333333333333,18.06,49.11,,1641.8418466666667,1662.314385309926,0.3940425531914893,0.19066454582564996,0.5877964316491653,0.8,0.1986758562238215,0.4731787767100528,2.6443581636001787
Bhutan,1988-2004,0.41500000000000004,18.044117647058822,13.611764705882353,,457.4229823529412,467.1046178691279,0.48553191489361697,0.1904968713178885,0.1629188907058786,0.8,0.055351800698666916,0.13296160680082328,1.8272610844168744
Bhutan,2005-2023,0.71,28.184666666666665,32.93933333333333,,1501.87922,965.6327490780116,0.862127659574468,0.2975535254289776,0.39425010373112884,0.8,0.18173927079764884,0.2748679353302415,2.810538494862465
Bolivia,1988-2004,0.14384615384615385,50.63764705882353,49.67411764705882,-0.6083723,1120.6706647058822,1760.1359484337331,0.13937806873977085,0.5345960120791887,0.5945483424610468,0.7158449684397324,0.13561001889883226,0.5010237427308205,2.6210011533493915
Bolivia,2005-2023,0.15666666666666668,82.652,70.86266666666667,-0.9547414666666667,2721.693146666667,2153.7927318667166,0.15574468085106383,0.8725806224574542,0.8481535859053334,0.7895170720343699,0.3293464089676654,0.6130783798527297,3.6084207500686163
Bosnia and Herzegovina,1988-2004,0.135,2.701764705882353,6.340588235294118,0.36775599999999997,185.55526470588234,181.89735315641977,0.1280851063829787,0.028523296820311714,0.07589035103365019,0.5082242210986037,0.02245365542797227,0.05177718957013301,0.8149538203336496
Bosnia and Herzegovina,2005-2023,0.08466666666666667,28.822,61.52333333333333,0.6330676000000001,1113.7473066666666,1582.2020629858246,0.06382978723404255,0.3042820343182106,0.7363713255242411,0.4517929172727946,0.13477223778783315,0.45037475659706305,2.141423058734185
Botswana,1988-2004,0.668,1.0723529411764705,21.89470588235294,-0.3076466,1940.3256588235295,593.5993465155942,0.8085106382978723,0.011321134357376063,0.2620572182784575,0.651881148746477,0.23479475955766657,0.16896840641114222,2.137533305648992
Botswana,2005-2023,0.25333333333333335,5.075333333333333,62.054,-0.5611818666666667,6474.49474,1926.8132353787423,0.27914893617021275,0.053581734491350064,0.7427228623408126,0.7058076474891788,0.7834650996974397,0.54846853141758,3.113194811606574
Brazil,1988-2004,0.085625,40.81941176470588,48.35823529411765,0.718416,893.1365411764706,1909.6497495356307,0.0650531914893617,0.43094211544783173,0.5787985776162304,0.4336394649116966,0.10807658935193605,0.5435829349822163,2.1600928737992726
Brazil,2005-2023,0.072,57.904666666666664,58.81666666666666,0.3339916666666667,939.8484266666667,2073.450075870175,0.047659574468085095,0.6113160006193606,0.7039752960326832,0.5154058345403425,0.11372909715251106,0.5902087951231286,2.582294597936111
Brunei Darussalam,1988-2004,0.2722222222222222,49.084117647058825,38.31058823529412,,4569.578458823529,1270.827403654864,0.30326241134751764,0.5181949611533356,0.4585385269616448,0.8,0.552955155048508,0.3617417749524605,2.9946928294634665
Brunei Darussalam,2005-2023,0.20500000000000002,87.77933333333333,68.47133333333333,,8244.624726666667,2083.2889789359983,0.21744680851063827,0.926711335707549,0.819531773642718,0.8,0.9976648360742782,0.5930094447222639,4.354364198657447
Bulgaria,1988-2004,0.058888888888888886,13.63764705882353,24.776470588235295,0.4554375,608.7916176470588,951.3312195504238,0.03092198581560283,0.14397651066451272,0.29654899207137453,0.48957452253132405,0.07366860343063907,0.270796996459262,1.3054876109727152
Bulgaria,2005-2023,0.05066666666666667,31.450666666666667,50.956,0.5233802666666667,1106.76164,1666.1337430737412,0.020425531914893623,0.3320336143916893,0.6098911621078166,0.4751232173168791,0.1339269168398308,0.4742659591651112,2.0456664017362205
Burkina Faso,1988-2004,0.08700000000000001,12.127058823529412,42.52647058823529,-0.5195267,2636.937464705882,993.5274942594187,0.06680851063829787,0.128028801926311,0.5089983234045589,0.6969476678799895,0.3190903007331361,0.2828081911074999,2.002681795689793
Burkina Faso,2005-2023,0.27785714285714286,15.248666666666667,70.32266666666666,-0.8550976,4187.634713333334,1788.8282786453103,0.3104559270516717,0.16098450190734928,0.8416903386422392,0.7683229994259914,0.5067369393180108,0.5091910315604505,3.097381737905713
Burundi,1988-2004,0.14916666666666667,48.794117647058826,41.76176470588235,,4013.478705882353,1153.388593924073,0.14617021276595743,0.5151333488449503,0.49984557673568925,0.8,0.48566268422633224,0.32831274803807226,2.7751245706110015
Burundi,2005-2023,0.262,52.257333333333335,67.72733333333333,,3254.9214333333334,1752.6527624330186,0.29021276595744677,0.5516954997818162,0.810626855191344,0.8,0.3938712513764176,0.49889364939287967,3.3453000216999045
Cabo Verde,1988-2004,0.27625,11.667058823529413,34.70529411764706,,1559.1108647058825,846.550918434222,0.3084042553191489,0.12317245136818258,0.415386846705105,0.8,0.18866475271183178,0.24097122153749131,2.0765995276417595
Cabo Verde,2005-2023,0.31133333333333335,67.51066666666667,74.17466666666667,,3070.5423266666667,1681.0055024463795,0.3531914893617021,0.7127292690136682,0.8877948357856436,0.8,0.37155992037876123,0.4784992143000352,3.6037747288398103
Cambodia,1988-2004,0.312,6.1370588235294115,14.045882352941177,-1.0742516,1686.656605882353,678.3034532384456,0.3540425531914893,0.06479067183242154,0.16811483458405227,0.814936664107978,0.20409879673220074,0.19307948067942146,1.7990630011275635
Cambodia,2005-2023,0.162,16.348,48.129333333333335,-0.7307687333333334,4941.14378,2233.4259521980875,0.1625531914893617,0.17259047592235469,0.5760588554466822,0.7418784713722417,0.5979174993069937,0.6357460232990414,2.8867445168366754
Cameroon,1988-2004,0.109,39.27,32.108823529411765,-1.3806621,1242.2123529411763,975.3042725505439,0.09489361702127659,0.41458453569065756,0.3843097514771125,0.8801096306157301,0.1503175250000203,0.2776209402287717,2.201836000033569
Cameroon,2005-2023,0.08538461538461539,68.52733333333333,49.114666666666665,-1.0703799333333333,2540.22748,1449.5384488108143,0.06474631751227496,0.7234625075660533,0.5878522868724266,0.8141131675176332,0.30738762726562596,0.4126119800585191,2.910173886792533
Canada,1988-2004,0.594375,32.51294117647059,68.20823529411764,0.9375586,1236.8287647058823,2572.454231687046,0.7145212765957446,0.34324834788858466,0.8163827594170028,0.3870282249893646,0.1496660682203219,0.7322506243398308,3.143097301450849
Canada,2005-2023,0.5293333333333333,41.739333333333335,70.23666666666666,0.6500870666666667,1211.0831733333334,2313.2026354731315,0.6314893617021275,0.44065398854182797,0.8406610066707094,0.44817290708696067,0.14655064792553862,0.658454503557445,3.165982415484609
Cayman Islands,1988-2004,,0,0,,0,0,,0,0,0.8,0,0,0.8
Cayman Islands,2005-2023,0.18,0,0,,0,231.77452328624597,0.18553191489361698,0,0,0.8,0,0.06597475566012997,1.051506670553747
Central African Republic,1988-2004,0.3516666666666667,13.223529411764705,47.555882352941175,,3402.1102352941175,1164.3735210778734,0.4046808510638297,0.13960455312880632,0.5691952341882781,0.8,0.4116822611977882,0.33143961407425543,2.656602513652958
Central African Republic,2005-2023,0.15,33.830666666666666,64.05866666666667,,4370.947506666666,1762.533626847968,0.14723404255319147,0.3571599498880928,0.7667166703903482,0.8,0.528919237964023,0.5017062433149566,3.101736144110612
Chad,1988-2004,0.19,0,3.672941176470588,,0,98.96073261533975,0.19829787234042548,0,0.04396134630801668,0.8,0,0.028169231292868052,1.0704284499413101
Chad,2005-2023,,0,0,,0,0,,0,0,0.8,0,0,0.8
Chile,1988-2004,0.08933333333333333,47.83176470588236,55.40117647058823,-0.1369869,1422.2312647058823,1983.3567300128555,0.06978723404255319,0.5049735157079963,0.6630953744365193,0.6155821351280695,0.17210123790997317,0.5645636707355814,2.590103167960693
Chile,2005-2023,0.1,55.37266666666667,68.37333333333333,-0.2053372,1988.2238266666668,2037.9379290190009,0.08340425531914894,0.5845849579820104,0.8183588139542306,0.6301201219552012,0.24059081691063744,0.5801002414380485,2.937159207559277
China,1988-2004,0.1523076923076923,10.48,39.17941176470588,0.47530710000000004,1163.0817470588236,1914.5617013389888,0.1501800327332242,0.11064033445475148,0.4689374552923528,0.4853482940720434,0.1407420954852322,0.544981124979314,1.900829337016918
China,2005-2023,0.06666666666666667,6.671333333333333,53.02133333333333,1.1340424,2245.045093333333,2175.494286946003,0.04085106382978723,0.07043115947129122,0.6346110880597491,0.3452364713885061,0.2716682225420493,0.6192557403904646,1.9820537456818474
Colombia,1988-2004,0.22857142857142856,55.77823529411765,44.76882352941176,0.10976169999999999,1593.431411764706,1774.6802668693745,0.24753799392097262,0.5888666610913168,0.5358369928674287,0.5630991482733936,0.19281781050288835,0.5051637916086236,2.6333223982646237
Colombia,2005-2023,0.14933333333333335,72.06733333333334,63.696666666666665,0.0918406,3195.5304733333332,2115.8524966958275,0.14638297872340425,0.7608352922959981,0.7623839009287925,0.5669109342601077,0.38668447522382365,0.602278669385864,3.2254762508179904
Comoros,1988-2004,0.247,48.79176470588235,36.51882352941176,,4251.480223529412,1050.7357250996893,0.271063829787234,0.5151085081771338,0.43709293745904726,0.8,0.5144627512955805,0.2990925479812441,2.8368205747002397
Comoros,2005-2023,0.13866666666666666,69.22533333333334,63.186,,5843.5788600000005,1763.8739934140306,0.1327659574468085,0.7308314916738222,0.7562717436404839,0.8,0.7071192854409133,0.5020877794537745,3.6290762576558024
"Congo, Rep.",1988-2004,0.35333333333333333,17.36941176470588,11.339411764705883,-1.4691716000000001,1402.1258,323.51965846800863,0.4068085106382978,0.18337380982150323,0.1357211519506146,0.8989354433053014,0.1696683175752109,0.0920900628595627,1.8865972961504907
"Congo, Rep.",2005-2023,0.2530769230769231,58.787333333333336,75.10933333333334,-1.3635971333333334,5269.631393333333,3123.170509536622,0.2788216039279869,0.6206345631395954,0.8989818390731225,0.8764799426610987,0.6376671000193999,0.8890123397951123,4.201597388616316
Cook Islands,1988-2004,0.16999999999999998,10.501176470588236,0,,1186.3826000000001,418.66824312191613,0.17276595744680845,0.11086390046510011,0,0.8,0.14356168308328995,0.1191741639719012,1.3463657049670998
Cook Islands,2005-2023,0.238,20.367333333333335,17.672,,1105.6478599999998,492.5411014406458,0.2595744680851063,0.2150237186976535,0.21151575117295968,0.8,0.13379214064589087,0.1402021169513338,1.7601081955529443
Costa Rica,1988-2004,0.24181818181818182,32.33941176470588,41.822941176470586,-0.1139998,1489.6812411764706,1413.9706790872078,0.26444874274661506,0.34141634863711673,0.5005777964691989,0.6106928199825039,0.18026321883083796,0.4024875932897773,2.2998865199560496
Costa Rica,2005-2023,0.12866666666666668,40.79266666666667,70.70266666666667,0.18500553333333333,1813.1563066666668,2073.5159601796327,0.12,0.430659759856984,0.8462385496792315,0.5470949192089581,0.2194062615872388,0.5902275491309319,2.7536270394633444
Cote d'Ivoire,1988-2004,0.062,45.70058823529412,27.248823529411766,-0.7473976,1433.472011764706,898.4182288522512,0.03489361702127659,0.48247408083318916,0.32614052610926597,0.7454154016351686,0.1734614572581651,0.25573528224209013,2.0181203650991555
Cote d'Ivoire,2005-2023,0.056,74.128,49.55133333333333,-0.9922942,2323.4485666666665,1664.6319474076731,0.02723404255319149,0.7825903351585703,0.5930787399061632,0.7975044713950572,0.2811556632642153,0.4738384721371348,2.9554017244143322
Croatia,1988-2004,0.16538461538461538,22.70705882352941,45.98529411764706,0.6651286,706.9517823529412,1472.7290362807712,0.16687397708674304,0.2397248647632643,0.5503969006452921,0.44497359979116446,0.08554676015420314,0.4192131945503108,1.906729296990978
Croatia,2005-2023,0.07266666666666667,33.634,62.86,0.8658055333333333,951.2231133333333,1802.7527962681797,0.04851063829787234,0.35508368406976254,0.7523698573298011,0.40228997421367374,0.11510552425318814,0.5131546537689166,2.1865143319332145
Cuba,1988-2004,0.10666666666666666,19.161176470588234,22.81529411764706,-0.6309904,1193.3938411764707,591.1917236678376,0.09191489361702125,0.20228997836377832,0.27307571715290435,0.7206557979438422,0.14441009874936345,0.1682830751381001,1.6006295609650096
Cuba,2005-2023,0.14500000000000002,2.678,7.305999999999999,-0.45314353333333335,520.4988333333332,257.03785017681724,0.14085106382978724,0.02827240607536493,0.08744534167437999,0.6828280868021701,0.0629844778204115,0.07316597665860432,1.075547352860718
Cyprus,1988-2004,0.10312500000000001,47.441764705882356,66.09823529411764,0.3297536,1536.1032588235296,1724.150029277067,0.0873936170212766,0.5008561750174092,0.7911282191852834,0.5163072637567836,0.1858806503285133,0.4907803294776991,2.5723462547869653
Cyprus,2005-2023,0.08133333333333333,35.79533333333333,82.42733333333334,0.5247138666666666,1600.5669,1817.9594555200003,0.05957446808510637,0.37790149350375135,0.9865708084644601,0.47483956297691776,0.19368126104631325,0.5174832383532829,2.610050832429832
Czechia,1988-2004,0.18583333333333332,10.739411764705881,47.86470588235294,1.520912,950.5272647058823,1672.3636098719478,0.1929787234042553,0.11337901808152209,0.5728915357276293,0.2629499979038591,0.11502132106264229,0.47603929444795084,1.733259890627859
Czechia,2005-2023,0.118,11.109333333333334,71.00533333333333,1.746754,1944.4234533333333,2573.590288556273,0.10638297872340423,0.11728438507340831,0.8498611598736074,0.21491380755775902,0.23529062512140367,0.7325740036021439,2.2563069599517265
Denmark,1988-2004,0.12062500000000001,31.004117647058823,59.72470588235294,1.3754283,1116.3056117647059,1963.4775409470228,0.1097340425531915,0.3273192696512453,0.7148435959874359,0.2938941212531695,0.13508181294993943,0.5589050477655318,2.1397778901605133
Denmark,2005-2023,0.062,29.178666666666665,69.71533333333333,1.1870586666666667,1198.1558866666667,2018.4217038271095,0.03489361702127659,0.3080474655480638,0.8344211803006607,0.3339600060851543,0.1449863439383031,0.5745449363502114,2.23085354924367
Djibouti,1988-2004,,0,0,,0,0,,0,0,0.8,0,0,0.8
Djibouti,2005-2023,0.3,2.0073333333333334,5.176,,113.06058,130.72887511244892,0.33872340425531905,0.02119198772539801,0.06195142191439788,0.8,0.013681224889148703,0.0372120519157132,1.272760090699977
Dominica,1988-2004,0.1390909090909091,31.91294117647059,41.76529411764706,,2726.355435294118,1100.3751402427774,0.13330754352030946,0.33691397759537367,0.49988782018185335,0.8,0.32991058278678326,0.3132224369731087,2.4132423610574283
Dominica,2005-2023,0.07571428571428572,20.686666666666667,34.986,,1664.31648,781.8497757665434,0.05240121580547113,0.21839501133148465,0.41874660879001624,0.8,0.2013954647110103,0.22255400286346366,1.913492303501446
Dominican Republic,1988-2004,0.7225,6.74,13.914117647058823,-0.4673048,457.7468705882353,424.6603459963857,0.8780851063829787,0.07115609296040315,0.16653774592726242,0.6858401629489537,0.055390993738239226,0.12087981961268641,1.9778899215705235
Dominican Republic,2005-2023,0.37214285714285716,25.808666666666667,59.49333333333333,-0.16369266666666668,1141.4607333333333,1704.0427647330855,0.43082066869300906,0.2724694190678622,0.7120743034055728,0.6212624040370349,0.13812578172574322,0.48505678468738395,2.659809361616606
Ecuador,1988-2004,0.18928571428571428,75.94529411764705,51.66294117647059,-0.9719618,2220.0731882352943,1843.509108203383,0.19738601823708202,0.8017760249466546,0.6183525243744684,0.7931798062017227,0.26864642440907716,0.5247559621586754,3.20409676032768
Ecuador,2005-2023,0.17400000000000002,91.88533333333334,64.72333333333333,-0.9006585333333333,3260.7036200000002,1923.2391624840018,0.17787234042553193,0.9700595430807561,0.7746720500462799,0.7780137286346681,0.3945709417206357,0.5474511694461317,3.6426397733540035
"Egypt, Arab Rep.",1988-2004,0.06818181818181819,34.01352941176471,27.22,-0.3448838,1536.3164647058823,1042.1909437135778,0.04278529980657641,0.3590904837885662,0.32579553796559313,0.6598014347302877,0.18590644992749072,0.29666027088657093,1.870039477105085
"Egypt, Arab Rep.",2005-2023,0.03866666666666667,51.059333333333335,48.010666666666665,-0.1763132,1730.3812133333333,1467.8399829452776,0.005106382978723408,0.5390478737630383,0.57463853691232325,0.6239467689535221,0.20938982025009362,0.4178215226156859,2.3699509054733867
El Salvador,1988-2004,0.37545454545454543,27.814117647058822,32.62117647058824,-0.164643,1726.4183588235294,1073.5611075178492,0.43504835589941965,0.293641534259007,0.3904420917452551,0.6214645382410016,0.20891028349420926,0.3055898066382161,2.255096610277109
El Salvador,2005-2023,0.28200000000000003,29.77,59.328,0.023050599999999997,2382.331833333333,1554.783781213846,0.31574468085106383,0.31429033938148393,0.7100954326386008,0.581542444492519,0.2882810045058256,0.44257012641217924,2.652524028281672
Eritrea,1988-2004,0.28,3.4176470588235293,3.0100000000000002,,116.52302352941176,107.7025711915199,0.3131914893617021,0.036081070003485975,0.03602661900354282,0.8,0.014100207956384515,0.030657600833688972,1.2300569871588045
Eritrea,2005-2023,,0,0,,0,0,,0,0,0.8,0,0,0.8
Estonia,1988-2004,0.089,19.23,41.701764705882354,0.5227805,684.4223235294118,1265.8245198386958,0.06936170212765956,0.20301656789741135,0.4991274381509011,0.47525078661649234,0.082820517348837,0.3603177011039294,1.6898947132452307
Estonia,2005-2023,0.07133333333333333,33.32,69.26066666666667,0.8865397333333334,1244.41572,1965.3418497828359,0.046808510638297864,0.3517686969496488,0.8289792856914876,0.3978798468774205,0.15058414985056598,0.5594357243825037,2.3354562143899242
Eswatini,1988-2004,0.084,10.333529411764706,17.76529411764706,0.37585,673.3907647058824,0,0.06297872340425532,0.10909400288317352,0.21263238626656178,0.5065026417437392,0.08148561143253462,0,0.9726933657302644
Eswatini,2005-2023,0.22666666666666666,38.336,63.644,0.3007938,3094.1337733333335,0,0.24510638297872336,0.4047240326008924,0.7617535348377006,0.5224669615330386,0.3744146721172277,0,2.3084655840675827
Ethiopia,1988-2004,0.08666666666666667,43.94764705882353,35.78235294117647,-1.1472805,3467.5261764705883,1067.246531061578,0.06638297872340425,0.4639677833098865,0.4282781383594898,0.8304697808053431,0.41959810775165,0.3037923587009155,2.512489147650689
Ethiopia,2005-2023,0.060714285714285714,69.83733333333333,66.14933333333333,-0.9625722,4384.117786666667,2040.136653442269,0.033252279635258356,0.7372925493728973,0.7917398104114135,0.7911826550390791,0.5305129460675287,0.5807261096505351,3.464706350176712
Europe & Central Asia,1988-2004,,18.48235294117647,61.790588235294116,,1234.6215411764706,0,,0.19512344569871415,0.739570093142105,0.8,0.14939897670631674,0,1.884092515547136
Europe & Central Asia,2005-2023,,23.575333333333333,62.52133333333333,,1119.27578,0,,0.2488914851986881,0.748316363984552,0.8,0.13544122681094797,0,1.9326490759941881
European Union,1988-2004,,3.726470588235294,17.275882352941178,,444.58428235294116,0,,0.03934140765440338,0.20677462839848526,0.8,0.05379821639913198,0,1.0999142524520207
European Union,2005-2023,,15.071333333333333,56.041333333333334,,1391.8089533333334,0,,0.1591123435762447,0.6707573968274233,0.8,0.16841989748579042,0,1.7982896378894584
Faroe Islands,1988-2004,0.2222222222222222,50.64529411764706,40.93764705882353,,3999.202564705882,996.899900308264,0.2394326241134751,0.5346767442495924,0.48998173205639217,0.8,0.4839351581691996,0.2837681484915327,2.831794407080192
Faroe Islands,2005-2023,0.14200000000000002,30.834666666666667,27.023333333333333,,2290.0202,615.8252210980502,0.13702127659574467,0.325530327557326,0.32344163927100955,0.8,0.2771105663609128,0.17529501480674772,2.0383988245917406
Fiji,1988-2004,0.194,15.871176470588235,11.449411764705882,,624.4434647058824,506.4515934983367,0.2034042553191489,0.1675565145893382,0.13703773935605967,0.8,0.07556260078623663,0.14416174677434462,1.527722856825128
Fiji,2005-2023,0.15733333333333333,74.07066666666667,73.74466666666666,,1673.2246866666667,1781.9595166253746,0.15659574468085102,0.781985050886108,0.8826481759279945,0.8,0.2024734282131052,0.5072358343734277,3.3309382340814864
Finland,1988-2004,0.09823529411764706,37.595882352941175,62.67470588235294,1.9916393000000001,2160.5860411764706,2201.015670838567,0.0811514392991239,0.39691040053920806,0.7501520764061904,0.16282714128770348,0.2614480088611857,0.6265204174677671,2.2790094838611785
Finland,2005-2023,0.044000000000000004,31.058,58.446666666666665,1.6919108,1590.1628933333334,1885.8659004614153,0.011914893617021282,0.32788812094424347,0.6995467747598225,0.22657885832063418,0.19242229390714885,0.5368128482225476,1.9951637897714178
France,1988-2004,0.06727272727272728,12.384117647058824,42.05823529411765,1.6500845,848.9889470588234,1384.6909551203269,0.0416247582205029,0.1307426448852651,0.5033940262134665,0.23547523768440648,0.10273438110005562,0.39415310247895896,1.4081241505826556
France,2005-2023,0.052000000000000005,18.984666666666666,67.02266666666667,1.4510616666666667,1228.7149266666668,2002.5461918059439,0.02212765957446809,0.20042651426640953,0.8021927164788867,0.27780703914392324,0.14868422960841457,0.5700259624279468,2.021264121500049
French Guiana,1988-2004,0.31,3.847058823529412,8.61470588235294,,205.85576470588236,262.37235622519904,0.3514893617021276,0.0406144918799997,0.10310921151199617,0.8,0.024910176576741928,0.07468444697242227,1.3948076886432876
French Guiana,2005-2023,,0,0,,0,0,,0,0,0.8,0,0,0.8
French Polynesia,1988-2004,0.3422222222222222,5.1258823529411766,42.22,,2489.446876470588,1070.4301424874059,0.39262411347517723,0.054115394838274836,0.5053301841626504,0.8,0.30124277238435276,0.30469857558341723,2.3580110404438726
French Polynesia,2005-2023,0.29363636363636364,14.506,59.21933333333333,,3127.3355333333334,1783.5382466979436,0.33059961315280456,0.15314395912219705,0.7087948038683731,0.8,0.3784323478206032,0.5076852208258912,2.878655944789869
Gabon,1988-2004,0.37636363636363634,63.061764705882354,49.97588235294118,-1.3902999999999999,4557.269764705882,1529.460613139468,0.43620889748549313,0.6657609483173346,0.59816015710807,0.8821595947452395,0.5514657056549592,0.4353618715852061,3.5691171748963026
Gabon,2005-2023,0.192,32.668,24.546,-1.3490700666666666,2446.263046666667,603.2160084173686,0.2008510638297872,0.3448853478976929,0.29379049503686444,0.8733900615071483,0.2960171872412183,0.1717057949309843,2.1806399504436955
"Gambia, The",1988-2004,0.31,43.910000000000004,43.01470588235294,,2040.9771235294118,950.1161789668738,0.3514893617021276,0.46357033262482233,0.5148420001239141,0.8,0.2469743832962268,0.2704511344357735,2.6473272121828644
"Gambia, The",2005-2023,0.22133333333333333,63.053333333333335,75.25866666666667,,3477.299306666667,1562.8470486646404,0.2382978723404255,0.6656719359243254,0.9007692062174842,0.8,0.4207807338454086,0.44486534027928515,3.4703850886069287
Georgia,1988-2004,0.11444444444444445,26.68941176470588,38.537058823529414,0.3061519,763.5046588235294,935.4489443052032,0.10184397163120566,0.2817676950427135,0.4612491480905024,0.5213273032254898,0.09239010574045754,0.2662760973812547,1.7248543211116236
Georgia,2005-2023,0.059333333333333335,40.84,74.032,-0.1823156,1363.9044933333334,1726.6853350566569,0.03148936170212766,0.4311594712912262,0.8860872618173693,0.6252234687212066,0.16504323700279755,0.49150200577309405,2.6305048063078216
Germany,1988-2004,0.06352941176470589,10.216470588235294,61.86176470588235,2.3822981,1596.2895176470588,2026.3743452041765,0.03684605757196496,0.10785817965930196,0.740422002639746,0.07973471172553581,0.19316366393238135,0.576808660439751,1.734833275968681
Germany,2005-2023,0.04,11.07,62.977333333333334,2.1244380666666665,1560.8046466666667,2022.478243048379,0.006808510638297875,0.11686913190974227,0.7537742172289426,0.13458108061994756,0.18886971373289388,0.575699632647951,1.776602286777775
Ghana,1988-2004,0.07444444444444445,28.304117647058824,29.67705882352941,-1.0791169,1260.6444941176471,1026.5817473570821,0.050780141843971636,0.298814603331796,0.3552040170701072,0.8159715047350132,0.15254795994581516,0.2922171038763687,1.9655353308030719
Ghana,2005-2023,0.072,51.72533333333333,63.546,-0.8393058666666666,2860.30118,2070.6161585074733,0.047659574468085095,0.5460790247885023,0.7605805751492132,0.764964125929056,0.3461190778808795,0.5894021188633124,3.0548044970790484
Greece,1988-2004,0.163125,37.84882352941177,55.99058823529412,0.2271892,1096.2967705882352,1733.9125373919583,0.16398936170212763,0.3995807723294833,0.6701500299459096,0.5381225285929679,0.13266058482686988,0.49355923320869516,2.3980625106060534
Greece,2005-2023,0.042,50.336,57.2,0.14680726666666666,1367.3139733333333,1664.1513290377393,0.009361702127659579,0.5314114384651116,0.6846254508314449,0.55521962235758,0.16545581106384563,0.47370166383278556,2.419775688678427
Greenland,1988-2004,0.4090909090909091,60.95294117647059,48.15470588235294,,3326.317023529412,1193.2461399446536,0.4779883945841392,0.6434974997867843,0.576362538887439,0.8,0.40251068278182917,0.339658222176628,3.24001733821682
Greenland,2005-2023,0.36714285714285716,83.7,78.73466666666667,,4382.325833333333,1697.9123929737407,0.4244376899696048,0.8836446559029293,0.942373368229549,0.8,0.5302961055335054,0.48331177072642745,4.064063590362016
Grenada,1988-2004,0.12833333333333333,48.52882352941177,49.137058823529415,,1861.1154235294118,1299.254233043577,0.11957446808510636,0.5123325635486384,0.5881202980697562,0.8,0.22520969425390458,0.3698334888152319,2.6150705127726375
Grenada,2005-2023,0.098,17.149333333333335,24.478666666666665,,477.6854533333333,1685.2166219004341,0.08085106382978723,0.18105037935839868,0.29298458395837984,0.8,0.057803720035119945,0.4796979119528128,1.8923876591344986
Guadeloupe,1988-2004,0.665,6.95,8.905882352941177,,295.9218588235294,223.31221553814885,0.8046808510638298,0.07337312256302699,0.1065942958205273,0.8,0.03580888670639775,0.06356595473548295,1.8840231108892649
Guadeloupe,2005-2023,,0,0,,0,0,,0,0,0.8,0,0,0.8
Guatemala,1988-2004,0.3327272727272727,42.94529411764706,39.19705882352941,-0.33690570000000003,1369.5693411764705,1195.3320838578036,0.3805029013539651,0.4533856588200517,0.4691486725231728,0.6581045070985796,0.16572872842080344,0.34025198734995055,2.467122455566523
Guatemala,2005-2023,0.21266666666666667,57.794,64.924,-0.27490813333333336,1557.1495866666667,1654.276427446062,0.22723404255319146,0.610147661209724,0.7770738246465163,0.6449177353139026,0.1884274225484392,0.4708907672318932,2.9186914535036665
Guinea,1988-2004,0.07777777777777778,35.371764705882356,37.75,-1.4359271,2273.081788235294,893.521353663026,0.0550354609929078,0.37342975928564864,0.45182885959592733,0.8918643974858306,0.2750608844946253,0.25434138381215665,2.3015607456670963
Guinea,2005-2023,0.11125,28.999333333333333,39.51133333333333,-1.5798930666666666,2115.22038,985.7536698220855,0.09776595744680851,0.30615419264931515,0.4729102167182662,0.9224857016637971,0.25595840485596816,0.2805953673660208,2.335869840700176
Guinea-Bissau,1988-2004,0.45999999999999996,11.547647058823529,9.867058823529412,,1113.1152999999997,240.48925221224658,0.5429787234042552,0.1219117874764945,0.11809859432586031,0.8,0.13469575997975794,0.06845540842293203,1.7861402736093002
Guinea-Bissau,2005-2023,0.8,6.591333333333334,5.677333333333333,,648.0408733333334,142.71798578014875,0.9770212765957447,0.06958657676552978,0.06795186875618398,0.8,0.07841807396913816,0.04062475938532099,2.0336025554719175
Guyana,1988-2004,0.183,30.798823529411766,40.67,,886.2339294117647,1156.8650750341603,0.18936170212765954,0.3251519213842545,0.48677827072228785,0.8,0.10724131870432904,0.32930233045007795,2.237835543388609
Guyana,2005-2023,0.14866666666666667,52.95066666666667,79.45,,2443.1563466666666,1925.6133383190322,0.145531914893617,0.5590152165650821,0.9509351760237464,0.8,0.29564125195623103,0.5481269800071434,3.2992505394458203
Honduras,1988-2004,0.5427272727272727,50.83352941176471,41.58882352941176,-0.6760896,1857.1407058823531,1140.4908866288445,0.6485880077369439,0.5366639976749135,0.49777564787365264,0.7302483172965615,0.224728721964533,0.32464140799899616,2.9626461005456006
Honduras,2005-2023,0.3707692307692308,60.53866666666667,64.44,-0.5298033333333333,1939.7098533333335,1427.8740536600662,0.4290671031096563,0.6391238862065568,0.7712808400625578,0.6991334894495695,0.23472024222015297,0.40644519711650484,3.1797707581649983
"Hong Kong SAR, China",1988-2004,0.08916666666666667,3.8117647058823527,49.42294117647059,,1416.9311235294117,2007.2384603387297,0.06957446808510638,0.040241881862751995,0.5915420172090412,0.8,0.17145987888475384,0.571361619451648,2.2441798654933014
"Hong Kong SAR, China",2005-2023,0.06066666666666667,2.7946666666666666,78.06,,3782.3966333333333,3513.078918855512,0.033191489361702124,0.02950408918793373,0.9342982988094858,0.8,0.45769992477123556,1,3.2546938021303573
Hungary,1988-2004,0.1646153846153846,15.209411764705882,52.14,1.0286426,1512.3355764705882,1949.6991256892145,0.16589198036006542,0.16057007676594376,0.6240624301809709,0.36765482074443157,0.1830045726773599,0.5549830136820229,2.0561668944107945
Hungary,2005-2023,0.08933333333333333,13.069333333333333,69.46733333333333,1.6159334,2321.741593333333,2638.327157858848,0.06978723404255319,0.13797666136456413,0.8314528741502026,0.24273911570589368,0.28094910598268436,0.7510013918840058,2.313906383129904
Iceland,1988-2004,0.10705882352941176,74.60588235294118,72.41058823529411,,4015.813364705882,2102.6287917322584,0.09241551939924905,0.7876354747921044,0.8666806226496215,0.8,0.4859451964193896,0.5985145339169469,3.6311913471773116
Iceland,2005-2023,0.096,47.776666666666664,73.69866666666667,,3081.119913333333,1915.888522568995,0.07829787234042553,0.5043918300699596,0.8820976030129903,0.8,0.3728398920715575,0.5453588054301814,3.1829860029251145
India,1988-2004,0.09529411764705882,23.04294117647059,31.814705882352943,0.2351791,1303.2479764705881,1720.7422066138515,0.07739674593241551,0.2432708700940716,0.38078946429677807,0.5364230911223189,0.15770331845477967,0.48981029073335863,1.8853937806337224
India,2005-2023,0.04666666666666667,29.506666666666668,30.188,0.26409473333333333,1045.8283466666667,1954.7327217545305,0.015319148936170215,0.3115102546416858,0.3613194599597842,0.5302727875172408,0.12655350614859076,0.5564158297905081,1.9013909869939798
Indonesia,1988-2004,0.1925,52.30529411764706,44.73117647058824,-0.0880127,1368.294188235294,1904.843798287107,0.2014893617021276,0.5522018353941427,0.535386396108346,0.6051654101909543,0.16557442482395035,0.5422149181059859,2.602032346325507
Indonesia,2005-2023,0.06866666666666667,54.762,54.32666666666667,-0.003315199999999999,1279.8408133333332,1911.8864447070903,0.04340425531914893,0.5781379766613646,0.6502345919376975,0.5871504030982133,0.1548708664817067,0.5442196115907192,2.5580177050888504
"Iran, Islamic Rep.",1988-2004,0.08,42.63529411764706,25.562941176470588,-0.8220226,3484.3280647058823,1082.817873214701,0.05787234042553191,0.45011290083522604,0.30596223999158884,0.7612880059540187,0.4216312691904946,0.30822475048965325,2.305091506886513
"Iran, Islamic Rep.",2005-2023,0.14100000000000001,53.338,31.225333333333335,-0.6500028,3540.1748933333333,1477.5813100944845,0.13574468085106384,0.5631044044988106,0.37373527815901186,0.7246997014929437,0.42838917740039323,0.4205943971722246,2.646267639574448
Ireland,1988-2004,0.11923076923076924,11.686470588235293,54.095882352941175,1.5889025,2052.037482352941,2038.0619138304241,0.10795417348608838,0.1233773868776688,0.647472339930195,0.24848853989460262,0.24831277424043904,0.5801355337882311,1.955740748217225
Ireland,2005-2023,0.10066666666666667,11.960666666666667,72.93733333333333,1.3801092,3534.52686,2102.0160035107533,0.08425531914893616,0.1262721527005532,0.8729852223037885,0.2928985021770407,0.4277057206711359,0.5983401033858774,2.402457020387332
Israel,1988-2004,0.166,3.136470588235294,31.05941176470588,1.2772704,1202.6051764705883,1249.0007356658027,0.1676595744680851,0.0331126101994126,0.3717493668176791,0.3147721314035111,0.14552474321419967,0.35552880095067757,1.3883472270535653
Israel,2005-2023,0.146,5.430666666666666,54.041333333333334,1.1260988666666667,1974.1063866666666,2044.9888514628747,0.14212765957446805,0.05733308934277389,0.646819444001149,0.3469260467519044,0.23888249495174543,0.5821072906978957,2.0141960253199365
Italy,1988-2004,0.05909090909090909,7.417647058823529,34.16294117647059,1.5178949,827.3762882352942,1197.7157523049834,0.03117988394584139,0.07831020529155905,0.40889543714456833,0.2635917296893252,0.10011907834982076,0.34093049998864655,1.2230268344097612
Italy,2005-2023,0.042666666666666665,14.612666666666666,54.391333333333336,1.4222846666666666,1201.1716733333333,1691.6849071137196,0.010212765957446808,0.15427006939654564,0.651008585745747,0.2839278556864163,0.14535127799051087,0.4815391131790559,1.7263096679557226
Jamaica,1988-2004,0.23,23.46470588235294,41.607058823529414,-0.6395412,2296.1714176470587,1185.6221455141254,0.24936170212765957,0.24772355980018168,0.4979939056788334,0.7224745378434686,0.27785491237409893,0.3374880476355414,2.3328966654597836
Jamaica,2005-2023,0.13466666666666666,49.71,66.84666666666666,-0.25509166666666666,2785.5415933333334,1769.3354474553134,0.12765957446808507,0.5248025787925282,0.8000861766301746,0.6407028082197963,0.33707257628141424,0.5036423855891419,2.93396609998114
Japan,1988-2004,0.11176470588235295,1.8623529411764705,48.220588235294116,2.7571706000000002,2772.0547,1537.9370932356476,0.09842302878598247,0.019661388576770498,0.577151083215834,0,0.33544055545904367,0.4377747066771491,1.4684507627147796
Japan,2005-2023,0.084,3.304,55.721333333333334,2.4125552,2149.3301333333334,1808.1030365790223,0.06297872340425532,0.034881265747948365,0.6669273243752194,0.07329908055453582,0.26008595493811637,0.5146776028498855,1.6128499518699608
Jordan,1988-2004,0.089,18.11294117647059,28.30941176470588,0.433128,1002.1813470588236,917.4213391339537,0.06936170212765956,0.19122346085152153,0.338834681681552,0.4943197133661834,0.12127187379387007,0.2611445288661009,1.4761559606868875
Jordan,2005-2023,0.10933333333333334,25.739333333333335,54.565333333333335,0.21667826666666667,1487.7156733333334,1584.0699927885605,0.0953191489361702,0.27173744738953565,0.6530911876416329,0.5403581853543993,0.18002536956722334,0.45090646392441924,2.1914378028133807
Kazakhstan,1988-2004,0.14,33.65764705882353,17.099411764705884,-0.0221931,1994.7054176470588,1487.6887801574478,0.13446808510638297,0.35533333278131846,0.20466245609028458,0.5911656987373533,0.24137514071157867,0.42347149452654653,1.9504762079534645
Kazakhstan,2005-2023,0.07466666666666667,77.69466666666666,70.23933333333333,-0.5545586,5063.918006666667,2328.1769312775714,0.05106382978723405,0.8202446474571022,0.8406929239411446,0.7043988904895375,0.612774152312117,0.6627169457485581,3.6918913897356935
Kenya,1988-2004,0.07777777777777778,40.25705882352941,28.59764705882353,-0.4744063,1444.2282058823528,908.5702397994471,0.0550354609929078,0.42500519583968493,0.34228456311827976,0.6873506393251052,0.17476304186594674,0.2586250581855532,1.9430639593274777
Kenya,2005-2023,0.052500000000000005,54.468,49.690666666666665,-0.38670366666666667,1871.17314,1427.1214910683059,0.022765957446808517,0.5750341352176912,0.5947464172863937,0.6686964457355415,0.22642675753896302,0.4062309797279568,2.4939006929533547
Kiribati,1988-2004,0.39666666666666667,26.44529411764706,22.250588235294117,,1467.9821235294116,618.6040629741645,0.462127659574468,0.27919047575675027,0.2663167657666622,0.8,0.17763745387876084,0.17608601379660804,2.161358368773249
Kiribati,2005-2023,0.26666666666666666,61.03666666666667,61.16133333333333,,2721.12802,1624.0582218104494,0.2961702127659574,0.6443814135499218,0.7320385560626854,0.8,0.3292780241688476,0.46228913705688507,3.2641573436042974
"Korea, Rep.",1988-2004,0.14529411764705882,6.989411764705882,49.523529411764706,1.2773243,1984.9772705882353,2105.8979920802494,0.14122653316645806,0.07378920374895359,0.5927459554247155,0.31476066696970495,0.2401979579334037,0.5994451137369573,1.962165430980193
"Korea, Rep.",2005-2023,0.11,9.678,51.76266666666667,1.8508485333333333,2074.4404266666666,2056.772339901851,0.09617021276595744,0.10217339282949284,0.6195461364144138,0.19277308609236077,0.25102370778894156,0.5854614676780175,1.8471480035691838
Kuwait,1988-2004,0.114,27.381176470588237,10.378823529411765,-0.6967681,2520.6144529411763,503.9724536921104,0.10127659574468084,0.28907085138076855,0.12422389401964226,0.7346465973422209,0.30501429578308165,0.14345605815661383,1.697688292427008
Kuwait,2005-2023,0.09083333333333334,74.60666666666667,58.084666666666664,-1.0765645333333334,6863.791873333334,1849.4861934229086,0.07170212765957447,0.7876437550147098,0.6952140052982668,0.8154286209001507,0.8305731335482677,0.5264573430150646,3.7270189854360343
Kyrgyz Republic,1988-2004,0.20142857142857143,11.76235294117647,26.200588235294116,0.0328952,859.5638647058823,674.6836570662023,0.21288753799392096,0.12417849841475137,0.3135942225985539,0.5794485156419013,0.10401402982035794,0.19204910354988558,1.526171908019371
Kyrgyz Republic,2005-2023,0.226,26.486,70.80066666666667,-0.03994293333333333,2257.2880666666665,1663.173768438011,0.24425531914893617,0.27962021930997594,0.8474115093677189,0.5949410566097222,0.2731497192006122,0.473423400627686,2.7128012242646515
Latin America & Caribbean,1988-2004,,39.68058823529412,56.86470588235294,,982.6055,0,,0.4189192322246391,0.6806123234458636,0.8,0.11890304138555105,0,2.018434597056054
Latin America & Caribbean,2005-2023,,45.913333333333334,67.13066666666667,,1061.7373400000001,0,,0.4847200912149322,0.8034853659315055,0.8,0.12847862023834072,0,2.2166840773847785
Latvia,1988-2004,0.08181818181818182,29.806470588235292,46.23647058823529,0.3261249,1099.0662294117647,1203.904976349905,0.06019342359767891,0.3146753697326399,0.5534032258972977,0.5170790817707441,0.13299571126073342,0.34269226628763355,1.9210390785467277
Latvia,2005-2023,0.064,43.73533333333334,68.11533333333334,0.6231440666666667,1072.3336133333332,1754.317602992422,0.037446808510638294,0.4617263270505765,0.8152708180396413,0.4539036351025423,0.12976085316568126,0.4993675472465453,2.397475989115625
Lebanon,1988-2004,0.075,13.950000000000001,32.472941176470584,0.1521024,522.642994117647,731.3558568390663,0.05148936170212765,0.1472741093171549,0.3886678670063665,0.5540933569476564,0.06324393824321042,0.20818087886204584,1.4129495120785618
Lebanon,2005-2023,0.052142857142857144,26.506,65.33666666666667,0.40456533333333333,1373.3924666666667,1539.1111346395894,0.02231003039513678,0.2798313649864163,0.7820130222463375,0.5003949415911912,0.1661913568595644,0.43810889825982047,2.1888496143384666
Lesotho,1988-2004,0.8180000000000001,2.4023529411764706,15.130588235294118,,1648.7067588235293,412.26438161172484,1,0.025362321840660364,0.18109765370512573,0.8,0.19950656492054222,0.11735130099099284,2.323317841457321
Lesotho,2005-2023,0.32,8.977333333333332,42.81333333333333,,2704.3701,1247.4986664168493,0.3642553191489361,0.09477625596486534,0.5124317768344451,0.8,0.3272501832344179,0.3551012360471704,2.453814771229835
Libya,1988-2004,,0,0,-0.6904637,0,0,,0,0,0.7333056627135073,0,0,0.7333056627135073
Libya,2005-2023,0.14,38.258,29.995333333333335,-1.4544949333333332,3663.644726666667,1158.520138393174,0.13446808510638297,0.40390056446277506,0.35901343717085316,0.8958137424983378,0.44333000431689273,0.32977344521784774,2.5662992787730894
Lithuania,1988-2004,0.06363636363636364,25.890588235294118,38.398823529411764,0.2858643,709.775288235294,1141.7834725494265,0.036982591876208906,0.2733342883190072,0.4595946131157451,0.5256424395387775,0.08588842670988774,0.3250093433487102,1.7064517029083366
Lithuania,2005-2023,0.048,42.538,53.18,0.6516209333333334,1047.3798533333334,1731.1905083807335,0.01702127659574468,0.4490857392210132,0.6365101656506336,0.44784665638440957,0.12674125073316375,0.492784406034556,2.1699894946195206
Luxembourg,1988-2004,0.10833333333333334,4.3882352941176475,23.414117647058823,,604.9236,745.8761383834419,0.09404255319148935,0.04632784547779783,0.28024302185206534,0.8,0.07320054268564193,0.21231408562447918,1.5061280488314737
Luxembourg,2005-2023,0.09333333333333334,14.774666666666667,65.98066666666666,,1482.9387666666667,1814.2835128281586,0.07489361702127659,0.15598034937571262,0.7897210430563978,0.8,0.17944732605832625,0.5164368790836087,2.516479214595322
"Macao SAR, China",1988-2004,0.25142857142857145,2.7376470588235295,40.90294117647059,,5365.099147058824,2038.0834262746262,0.2767173252279635,0.02890211700451355,0.4895663381691127,0.8,0.6492194537078411,0.5801416573182453,2.8245468914276763
"Macao SAR, China",2005-2023,0.27153846153846156,5.854666666666667,67.386,,3432.68398,1917.002135307544,0.30238952536824876,0.06180937768330964,0.8065414445756598,0.8,0.41538192625367765,0.5456757959573716,2.9317980698382673
Madagascar,1988-2004,0.18266666666666667,60.99941176470588,50.0035294117647,-1.0549821,2127.1158941176473,1572.2991762981505,0.18893617021276596,0.6439881029761604,0.5984910641030213,0.8108380758477156,0.2573978561998015,0.4475558940219803,2.947207163361445
Madagascar,2005-2023,0.11933333333333333,45.154,63.553333333333335,-0.7436847333333333,2008.6057533333333,1680.4192262793968,0.1080851063829787,0.47670359369941306,0.7606683476429096,0.7446256815214178,0.24305719133044673,0.4783323304410259,2.8114722510181918
Malawi,1988-2004,0.093,51.64,36.37470588235294,-1.2319106,3196.4853235294117,1044.593929669102,0.07446808510638298,0.5451781365690235,0.43536799674068344,0.848470452038371,0.38680001965379207,0.2973442822654861,2.587628972373739
Malawi,2005-2023,0.05333333333333334,86.952,62.10066666666667,-0.9270798666666666,4565.486053333333,1638.37170138433,0.023829787234042558,0.9179769428921327,0.7432814145734257,0.7836334990812537,0.5524599415987895,0.4663634775156368,3.487545062895281
Malaysia,1988-2004,0.133125,25.513529411764704,65.29058823529412,0.7841231,2777.2687235294115,3047.8005768455537,0.1256914893617021,0.26935357130141085,0.7814615105880851,0.41966368200731996,0.33607149356747357,0.8675582437067665,2.799799990532758
Malaysia,2005-2023,0.08,30.566666666666666,66.134,0.9727690666666666,2329.0743333333335,2566.4217432730684,0.05787234042553191,0.3227009754930252,0.7915562861064122,0.3795390215684995,0.28183642555059796,0.7305334729312473,2.564038522075314
Maldives,1988-2004,0.22,40.68882352941176,38.417647058823526,,2221.134194117647,1027.8412129542785,0.23659574468085107,0.42956345838401516,0.4598199114952865,0.8,0.26877481451715174,0.29257561150636713,2.4873295405836715
Maldives,2005-2023,0.125,91.20933333333333,70.144,,6850.0045199999995,1749.7454772053554,0.1153191489361702,0.9629228192170718,0.8395518815230921,0.8,0.8289047546881955,0.498066088926743,4.044764693291272
Mali,1988-2004,0.07555555555555556,4.102352941176471,36.89588235294118,-0.730707,2519.950111764706,878.9917116730843,0.05219858156028368,0.04330970433809143,0.4416059456242361,0.7418653408024156,0.30493390524343983,0.2502055125933355,1.8341189901618022
Mali,2005-2023,0.2,5.185333333333333,43.662,-0.6506886666666667,3225.2631133333334,1266.5412424723872,0.211063829787234,0.054743035711772074,0.5225894481503941,0.7248455841088967,0.3902823599541877,0.3605217166271346,2.264045974339619
Malta,1988-2004,0.1,6.279411764705882,51.78,,2599.0210647058825,1837.466324991937,0.08340425531914894,0.06629353223532061,0.6197535986722416,0.8,0.31450211628027985,0.5230358803298804,2.4069893828368714
Malta,2005-2023,0.05466666666666667,34.906,83.54933333333334,,2678.9114933333335,2235.450512381616,0.025531914893617023,0.36851254909136977,1,0.8,0.32416949036011067,0.6363223155572831,3.1545362699023807
Martinique,1988-2004,0.44999999999999996,9.708235294117646,8.325882352941177,,294.8913705882353,213.1031880557972,0.5302127659574467,0.10249259541093501,0.09965228950090776,0.8,0.03568418947511979,0.06065994900143655,1.628701789345846
Martinique,2005-2023,,0,0,,0,0,,0,0,0.8,0,0,0.8
Mauritania,1988-2004,0.08,29.358235294117648,22.118823529411767,-1.3479316,1470.9474294117647,667.527023009986,0.05787234042553191,0.3099432225135941,0.2647396771098724,0.8731479116789378,0.1779962793565851,0.1900119634168231,1.8737113945013444
Mauritania,2005-2023,0.15866666666666668,73.98666666666666,79.84866666666666,-1.563353,3315.67746,2187.5133903818205,0.15829787234042553,0.7810982390450585,0.9557068079537837,0.9189676590023914,0.4012232113981845,0.6226769853193241,3.837970775059168
Mauritius,1988-2004,0.18416666666666667,19.568235294117645,35.63294117647059,-0.4062863,3009.2004117647057,1295.2803666792463,0.19085106382978723,0.20658741389603516,0.42648983247187994,0.6728616368969635,0.36413706324407513,0.3687023253953036,2.2296293357340446
Mauritius,2005-2023,0.096,36.12133333333333,65.344,-0.14857120000000001,2416.1652266666665,1603.7871814187636,0.07829787234042553,0.3813431680297293,0.7821007947400337,0.6180460950638934,0.29237511284098855,0.45651897337428565,2.608682016389356
Mayotte,1988-2004,0.53,8.149411764705881,21.398823529411764,,664.2406470588236,568.7861063301342,0.6323404255319148,0.08603565298249477,0.25612201409241364,0.8,0.08037837478744064,0.16190530286049848,2.0167817702547626
Mayotte,2005-2023,0.33,5.781333333333333,26.178,,589.5462266666666,622.1207967902799,0.37702127659574464,0.061035176869694965,0.3133238645431043,0.8,0.07133975882288682,0.177087054165283,1.7998071309967139
Mexico,1988-2004,0.6466666666666666,20.27470588235294,59.14705882352941,0.9618517000000001,1784.335311764706,2365.6258789170633,0.7812765957446808,0.21404582440794337,0.707929751965259,0.38186112597458055,0.21591869312807527,0.6733768109279296,2.9744088021484685
Mexico,2005-2023,0.548,19.816,71.85333333333334,1.2725261333333333,2034.07686,2657.4013980267428,0.6553191489361703,0.20920313621711406,0.8600108518719479,0.3157812284565512,0.24613939680367322,0.7564308856723517,3.042884647957808
"Micronesia, Fed. Sts.",1988-2004,0.38666666666666666,13.934117647058823,8.958823529411765,,997.4906000000001,186.29638604542902,0.44936170212765947,0.14710643480939342,0.1072279475129875,0.8,0.1207042562793493,0.05302937689373642,1.677429717623126
"Micronesia, Fed. Sts.",2005-2023,0.3566666666666667,59.803333333333335,45.53666666666667,,4203.574413333334,967.5601359982775,0.411063829787234,0.631360763502766,0.5450272892662219,0.8,0.5086657691574257,0.27541656716140284,3.1715342188750504
Moldova,1988-2004,0.2290909090909091,43.54882352941176,35.42941176470588,0.0802315,1641.3084588235295,1241.4862820336605,0.24820116054158606,0.45975729011498745,0.4240537937430885,0.5693801691116718,0.19861131207381716,0.35338980726288693,2.2533935328480377
Moldova,2005-2023,0.09733333333333334,47.303333333333335,67.44133333333333,0.003144666666666665,1544.1205533333332,1630.663896865437,0.08,0.49939471572753763,0.8072037279371868,0.5857764009869566,0.18685080640936094,0.4641694463831383,2.62339509744418
Mongolia,1988-2004,0.29,23.677647058823528,35.77294117647059,-0.619091,1401.2278764705882,957.5562733005295,0.3259574468085106,0.24997164023757612,0.42816548916971914,0.7181248168003684,0.16955966172240045,0.2725689617051021,2.164348016443677
Mongolia,2005-2023,0.645,50.326,53.76,-1.0776246,2356.95586,1243.3699083779795,0.7791489361702127,0.5313058656268915,0.6434521719702531,0.8156540951882794,0.2852103109187737,0.3539259826201239,3.4086973624945345
Montenegro,1988-2004,,0,0,,0,0,,0,0,0.8,0,0,0.8
Montenegro,2005-2023,0.11846153846153847,32.410666666666664,60.936,,2587.0728933333335,1511.621518115069,0.1069721767594108,0.34216860686082684,0.7293415467109252,0.8,0.31305629299189824,0.4302839625952735,2.7218225859183347
Montserrat,1988-2004,0.11,8.377058823529412,23.67411764705882,,1046.1182411764705,625.7502557127858,0.09617021276595744,0.08843898759374247,0.28335495571948094,0.8,0.12658858567836812,0.17812018180241798,1.572672923559967
Montserrat,2005-2023,0.16333333333333333,25.901333333333334,49.138,,1892.3472399999998,1773.7614150135532,0.16425531914893612,0.2734477273687026,0.5881315629887331,0.8,0.22898899120099905,0.5049022398823332,2.5597258405897043
Morocco,1988-2004,0.12833333333333333,27.54235294117647,30.27176470588235,-0.6243325,1084.1812235294117,1202.8409901064917,0.11957446808510636,0.2907724371261997,0.36232203774874344,0.71923967449601,0.1311945077559153,0.34238940197174744,1.9654925271837222
Morocco,2005-2023,0.09466666666666666,31.750666666666667,54.84733333333333,-0.47613726666666667,1261.7021866666666,1786.0911839938874,0.07659574468085105,0.3352007995382948,0.6564664389901376,0.6877188128458974,0.15267594911433624,0.5084119159428844,2.4170696611124014
Mozambique,1988-2004,0.11444444444444445,30.359411764705882,16.386470588235294,-0.9429097,1450.8538117647058,931.7573384091764,0.10184397163120566,0.3205129266695206,0.19612927996515384,0.7870004763801929,0.1755647926096926,0.2652252795712098,1.8462767268269753
Mozambique,2005-2023,0.08538461538461539,40.214,54.252,-1.2055924,2564.8186333333333,1705.7740923485774,0.06474631751227496,0.4245506116186427,0.6493409083655166,0.8428726178677264,0.31036335142197535,0.4855496081210391,2.777423414907175
Myanmar,1988-2004,0.13,5.074705882352941,7.201176470588235,-1.2586149,180.5091,251.4743187094461,0.12170212765957446,0.05357511031326566,0.0861907113233088,0.8541504089899539,0.02184302956554647,0.07158231412329649,1.2090437019749458
Myanmar,2005-2023,0.218,43.66,43.10133333333333,-1.1203099333333333,1309.8025733333334,1250.2634828370813,0.23404255319148934,0.46093101166931766,0.5158788420414285,0.8247331894089589,0.15849647654522045,0.35588824268268676,2.5499703155391016
Namibia,1988-2004,0.192,15.958823529411765,22.85294117647059,-0.3395428,586.2283235294118,595.5557680469896,0.2008510638297872,0.16848182946550336,0.27352631391198723,0.658665413562221,0.07093826628692783,0.16952530296159965,1.5419881900180263
Namibia,2005-2023,0.094,43.720666666666666,72.52666666666667,-0.39713946666666666,1689.9753,1868.0929826936735,0.07574468085106383,0.4615714868878535,0.8680699626567936,0.6709161217710612,0.20450038498304668,0.5317537766280125,2.8125564137778314
Nepal,1988-2004,0.254,4.4264705882352935,13.197058823529412,,1295.5254294117647,412.23492961715243,0.27999999999999997,0.046731506329816166,0.157955285781607,0.8,0.15676882914799567,0.11734291746325187,1.5587985387226708
Nepal,2005-2023,0.3511111111111111,17.494,32.787333333333336,,1367.8590133333332,1127.0678688461342,0.4039716312056737,0.18468912318238764,0.3924308193163321,0.8,0.16552176521704015,0.3208205380177766,2.26743387693921
Netherlands,1988-2004,0.12230769230769231,23.09764705882353,45.72705882352941,1.2937535,931.3234235294118,1558.5363832380358,0.11188216039279868,0.24384841562080556,0.5473060885009584,0.3112662054504386,0.11269750430997053,0.44363830680631977,1.7706386810812915
Netherlands,2005-2023,0.09133333333333334,32.18066666666667,58.897333333333336,1.0701003333333334,1236.9341866666666,1869.307738275019,0.07234042553191489,0.33974043158176265,0.704940793463343,0.3588368348528884,0.14967882511183744,0.5320995575254542,2.1576368680672005
Netherlands Antilles,1988-2004,,0,0,,0,0,,0,0,0.8,0,0,0.8
Netherlands Antilles,2005-2023,0.1075,9.76,20.460666666666665,,367.3391266666667,0,0.09297872340425531,0.10303909010289833,0.2448932367303948,0.8,0.04445094127865033,0,1.285361991516199
New Caledonia,1988-2004,0.13,6.271764705882353,23.28,,1719.7221764705882,608.0889590771691,0.12170212765957446,0.06621280006491695,0.2786377708978328,0.8,0.2080999924390127,0.17309288322941285,1.6477455742907499
New Caledonia,2005-2023,0.11818181818181818,14.288666666666666,57.40933333333333,,3895.75454,1363.5712714242006,0.10661508704061894,0.15084950943821174,0.6871309565605949,0.8,0.47141712853995665,0.3881413719759031,2.6041540535552854
New Zealand,1988-2004,0.1075,57.645294117647055,65.49411764705881,0.3820677,1644.4062999999999,2139.29668558127,0.09297872340425531,0.6085777310037203,0.7838975493168764,0.5051801480502944,0.19898617537105265,0.6089520716711393,2.7985723988173383
New Zealand,2005-2023,0.08466666666666667,69.966,71.25133333333333,0.23355473333333332,2043.42188,2062.255245708448,0.06382978723404255,0.7386509198913302,0.8528055280712393,0.5367685910133573,0.2472702181758402,0.5870221800711177,3.026347224456927
Nicaragua,1988-2004,0.34833333333333333,57.194117647058825,44.37705882352941,-0.7853422999999999,1734.989788235294,1190.5712092813553,0.40042553191489355,0.6038145329499038,0.5311479703432233,0.7534861716063239,0.20994749428336157,0.33889680157518887,2.837718502672895
Nicaragua,2005-2023,0.38466666666666666,62.32866666666666,66.87733333333334,-0.8396088666666667,2065.020793333333,1674.825471934515,0.4468085106382978,0.6580214242479694,0.8004532252401775,0.7650285734883004,0.24988385761298584,0.4767400649456911,3.396935656173422
Niger,1988-2004,0.361,46.85411764705882,42.548235294117646,,1465.3888294117646,863.8349531184715,0.416595744680851,0.49465221823023486,0.5092588246559037,0.8,0.1773236447683951,0.2458911322720558,2.6437215646074406
Niger,2005-2023,0.37357142857142855,71.44733333333333,67.694,,2684.45104,1823.727753068338,0.432644376899696,0.7542897763263468,0.8102278893109062,0.8,0.32483981934418804,0.5191251876751094,3.641127049556246
Nigeria,1988-2004,0.18,46.063529411764705,25.265882352941176,-1.9443263,4464.45914117647,932.5832953556778,0.18553191489361698,0.4863057538438863,0.30240674993945105,1,0.5402348857475432,0.26546038870640976,2.779939693130907
Nigeria,2005-2023,0.12428571428571429,87.708,60.708,-1.8573996666666666,7776.179133333333,1968.2547165179415,0.11440729483282674,0.9259582494615785,0.72661262008873,0.9815108602255309,0.9409792122191376,0.5602648736280477,4.249733110455852
North America,1988-2004,,20.96941176470588,65.99058823529411,,1389.920411764706,0,,0.22138003158076902,0.789839794077281,0.8,0.1681913690109418,0,1.9794111946689918
North America,2005-2023,,24.803333333333335,67.93133333333333,,1210.16548,0,,0.2618558297321265,0.8130685263796239,0.8,0.1464395997700046,0,2.021363955881755
North Macedonia,1988-2004,0.10545454545454545,15.565294117647058,30.10705882352941,0.1130685,1132.0605235294117,0,0.09036750483558993,0.16432722777319145,0.3603506769277562,0.562395797814947,0.13698828195055515,0,1.3144294893020396
North Macedonia,2005-2023,0.132,23.148666666666667,49.10666666666667,-0.11392866666666666,1603.6170133333333,0,0.12425531914893616,0.2443870441012936,0.5877565350611216,0.6106776900494535,0.19405034889683306,0,1.761126937257638
Norway,1988-2004,0.09,46.74176470588235,49.621764705882356,0.7719217,2376.7736,1668.8029790663309,0.07063829787234041,0.4934660763419964,0.5939217313429473,0.4222588980118226,0.2876084142872039,0.4750257587751522,2.342919176631463
Norway,2005-2023,0.092,73.156,71.5,0.6311602666666667,4267.7064199999995,2258.1861015221157,0.07319148936170211,0.7723286552835688,0.855781813539306,0.45219860366883013,0.5164262494751372,0.64279401450445806,3.312720825833002
Occ.Pal.Terr,1988-2004,,0,0,,0,0,,0,0,0.8,0,0,0.8
Occ.Pal.Terr,2005-2023,0.1946153846153846,27.328666666666667,54.344,,1016.9355733333333,1436.9212690704555,0.20418985270049098,0.28851649047732997,0.6504420541955251,0.8,0.12305725193120985,0.4090204923544885,2.4752261416590446
Oman,1988-2004,0.210625,79.79058823529412,63.94529411764706,-0.80900590000000006,6208.522482352942,2115.684445503698,0.22462765957446804,0.8423718863257921,0.7653597170252353,0.7585193770945591,0.7512803517406894,0.6022308335142509,3.9443898252749947
Oman,2005-2023,0.18071428571428572,72.84266666666666,60.437333333333335,-0.6640854,5191.712313333333,2144.786462730901,0.18644376899696044,0.7690207063526695,0.7233730171395742,0.7276950453801214,0.628238274723832,0.6105147399961137,3.645285552589271
"Other Asia, nes",1988-2004,0.11,2.0176470588235293,29.361176470588237,,1455.1980823529411,1257.0005566721259,0.09617021276595744,0.021300872652660393,0.351423228638428,0.8,0.17609048372941763,0.3578059547496959,1.8027907525361595
"Other Asia, nes",2005-2023,0.14866666666666667,7.537333333333333,56.982,,2845.9545,2232.7424068485066,0.145531914893617,0.07957376726115904,0.682016213973381,0.8,0.3443830160678881,0.6355514517094559,2.687056363905501
Pakistan,1988-2004,0.09,1.6305882352941177,5.746470588235294,-0.7888805,572.2517,188.03822255158184,0.07063829787234041,0.01721458279684391,0.06877937092937458,0.7542387404317974,0.06924698423533346,0.05352519168935743,1.0336431679550473
Pakistan,2005-2023,0.058,25.140666666666668,51.906666666666666,-0.6133455333333333,3568.5814133333333,1710.5062412080758,0.029787234042553193,0.26541715347475403,0.6212696690179056,0.7169027662941421,0.4318265911164568,0.4868966171034163,2.552100031049228
Palau,1988-2004,,0,0,,0,0,,0,0,0.8,0,0,0.8
Palau,2005-2023,0.6775,18.47,67.85333333333334,,1713.07094,1458.9341285205617,0.8206382978723403,0.19499303219267747,0.8121349462193993,0.8,0.20729514019126175,0.41528646586620155,3.2503478823418805
Panama,1988-2004,0.049,49.94705882352941,40.222352941176474,0.0689971,1570.1753235294118,1126.787519561769,0.018297872340425535,0.527305276075042,0.48142039363381883,0.5717697059419522,0.19000363978848955,0.32074073642753603,2.109537624207264
Panama,2005-2023,0.06538461538461539,12.637333333333334,67.60266666666666,0.6120566666666667,1773.3730533333332,1969.3754311556686,0.03921440261865794,0.13341591475345224,0.8091347227985062,0.45626190529516963,0.21459217310763512,0.5605838857150554,2.2132030042884763
Papua New Guinea,1988-2004,0.19,29.33058823529412,26.86,-1.6830532,926.2474235294118,702.3185306537105,0.19829787234042548,0.30965134466675004,0.3214867064568638,0.9444276779167928,0.11208326814085376,0.19991538672365244,2.0858622562453384
Papua New Guinea,2005-2023,0.235,7.087333333333333,9.819333333333335,-1.5644078,301.69364666666667,323.7875044587969,0.2557446808510638,0.07482298954125081,0.11752736905939805,0.9191920130799193,0.03650731871067736,0.09216630537986324,1.4959606766221725
Paraguay,1988-2004,0.18375,67.76588235294118,69.16529411764705,-0.6342553,2826.472123529412,2011.7503735335,0.1903191489361702,0.7154236534494993,0.8278377739018111,0.7213502363470664,0.3420254943404286,0.5726459382213043,3.3696022451962797
Paraguay,2005-2023,0.09133333333333334,90.584,77.64066666666666,-0.5456605999999999,2627.43824,2284.382305186193,0.07234042553191489,0.956320997733703,0.9292793080335768,0.7025063017695492,0.3179408193712527,0.6502507794303686,3.6286386318703654
Peru,1988-2004,0.1075,33.068823529411766,40.635882352941174,-0.4609256,1038.3045235294117,1410.7084241894438,0.09297872340425531,0.349116955660236,0.48636991740936897,0.6844833184937333,0.12564306400892575,0.40155899049629756,2.140150969472817
Peru,2005-2023,0.09733333333333333,58.94733333333333,58.632666666666665,-0.6233417333333333,1772.1720266666666,1990.5006712358804,0.07999999999999999,0.6223237285511184,0.701773004372666,0.7190289401942036,0.21444683937659878,0.5665971978461402,2.904169710340727
Philippines,1988-2004,0.13444444444444445,5.192941176470589,35.85235294117647,0.0601279,2637.7892647058825,1625.7731882449211,0.12737588652482268,0.05482335387104547,0.4291159667084094,0.573656168953339,0.31919337527388747,0.4627773032706491,1.9669420546021532
Philippines,2005-2023,0.10533333333333333,16.435333333333332,65.248,0.5926192666666666,3626.524066666667,2471.212433767202,0.0902127659574468,0.1735124787094776,0.7809517730043727,0.46039620558578553,0.4388381107011548,0.7034320864537458,2.6473434204119832
Poland,1988-2004,0.1481818181818182,15.261764705882353,39.81,0.8783529,669.9867352941177,1388.1483421210694,0.14491295938104448,0.1611227816248612,0.4764849510069899,0.39962117171660805,0.08107369693579643,0.3951372497414033,1.6583528104067033
Poland,2005-2023,0.088,21.064666666666668,60.60666666666667,1.1080354666666667,1224.0747800000001,2091.7015763304885,0.06808510638297871,0.22238566461620754,0.7253997638121987,0.3507680996946597,0.14812273514177288,0.5954040955652432,2.110165465213061
Portugal,1988-2004,0.16764705882352943,22.025294117647057,57.66058823529412,0.5672108,1289.4588588235295,1995.9517357996938,0.16976220275344178,0.23252728126342948,0.6901382205558486,0.4658005411000059,0.15603472609878485,0.5681488466105775,2.282411818382088
Portugal,2005-2023,0.09266666666666667,27.854666666666667,58.78933333333333,0.7003488,886.8672333333334,1742.7196124187274,0.07404255319148936,0.2940696217677116,0.7036481440107242,0.43748232610767024,0.10731795349051323,0.4960661723439077,2.1126267709120166
Qatar,1988-2004,0.276,26.341764705882355,18.71470588235294,-0.45599039999999996,2354.2198235294118,794.5317276806448,0.3080851063829787,0.27809748637282367,0.2239958732846814,0.6834336102614468,0.28487922885410505,0.226163928005206,2.0046552331612415
Qatar,2005-2023,0.15153846153846154,75.74133333333333,55.544000000000004,-0.539349,6630.9570533333335,2328.410726361147,0.14919803600654663,0.7996227530580932,0.6648048258912898,0.7011638357136851,0.8023982777811696,0.6627834956579043,3.7799712241086887
Reunion,1988-2004,0.765,9.28,8.840588235294117,,540.3126588235293,220.87518927005377,0.9323404255319149,0.09797159386832954,0.10581279206649305,0.8,0.06538210750217786,0.06287225376138442,2.0643791727302996
Reunion,2005-2023,,0,0,,0,0,,0,0,0.8,0,0,0.8
Romania,1988-2004,0.12375,18.89294117647059,46.11470588235294,0.549829,1132.8382117647059,1845.86988078567,0.11372340425531914,0.19945814223269578,0.5519458270046392,0.4694976189391936,0.13708238838129083,0.525427957475836,1.9971353382889747
Romania,2005-2023,0.07,18.082666666666668,61.368,0.9827796,1318.8855333333333,2154.500461633088,0.04510638297872341,0.19090384425894907,0.7345121445214006,0.3774097989940184,0.15959558658356574,0.6132798355509131,2.1208075928875703
Russian Federation,1988-2004,0.03666666666666667,29.025882352941178,27.770588235294117,0.5545285,1529.7674294117646,919.6428516365247,0.002553191489361704,0.3064344781845115,0.33238551556717927,0.4684980436762598,0.1851139648308656,0.26177688371889046,1.5567620774670683
Russian Federation,2005-2023,0.034666666666666665,68.658,71.97066666666666,0.09358706666666666,4098.06152,2415.140030104664,0,0.7248419926521305,0.8614152117710893,0.566539463916978,0.4958978740838457,0.6874710434604944,3.3361655858845376
Rwanda,1988-2004,0.2625,36.46176470588235,31.471764705882354,,2105.838517647059,745.7694084274926,0.2908510638297872,0.38493719865164855,0.37668480944450805,0.8,0.25482312526754197,0.21228370487915166,2.3195799020726375
Rwanda,2005-2023,0.15066666666666667,81.33,71.61466666666666,,2760.74942,1819.7961229195148,0.1480851063829787,0.858623893244746,0.8571542561680124,0.8,0.33407252711428553,0.5180060468190013,3.515941829729024
Samoa,1988-2004,0.615,5.881176470588235,13.66470588235294,,1127.9666705882353,346.5934820550746,0.7408510638297872,0.062089249207375685,0.16355254239833877,0.8,0.13649289334781373,0.09865804044276569,2.001643789226081
Samoa,2005-2023,0.30333333333333334,46.628,65.95400000000001,,3822.2448933333335,1545.0264382539629,0.3429787234042553,0.49226503005306793,0.7894018703520476,0.8,0.4625218795719386,0.43979269294562284,3.326960196326932
Sao Tome and Principe,1988-2004,0.10833333333333334,34.14058823529412,26.84294117647059,,2962.425911764706,684.4510483309624,0.09404255319148935,0.3604318798506579,0.3212825298004044,0.8,0.35847697859231165,0.19482939727239101,2.129063338707254
Sao Tome and Principe,2005-2023,0.128,91.31,75.066,,6526.9851,1672.3956445853723,0.11914893617021276,0.9639855857884884,0.8984631834285531,0.8,0.7898168486418762,0.47604841314814644,4.047462967177277
Saudi Arabia,1988-2004,0.09846153846153846,68.97176470588235,47.660000000000004,0.0816505,6061.664888235294,1720.851017519015,0.08144026186579377,0.7281544957054625,0.5704414158501165,0.5690783503441212,0.733509420689364,0.48984126382211546,3.1724652082769733
Saudi Arabia,2005-2023,0.07733333333333334,85.468,67.16533333333334,-0.09987773333333333,7107.690906666667,2341.177284538566,0.05446808510638298,0.9023099337002576,0.8039002904471609,0.6076890816057612,0.8600868466857671,0.6664175040227314,3.894871741568061
Senegal,1988-2004,0.09555555555555556,29.11,29.099999999999998,-0.5899679,1013.6775411764706,813.214352905107,0.0777304964539007,0.3073225320589519,0.348297213622291,0.7119303854055503,0.12266300425766954,0.2314819483673983,1.7994255801657617
Senegal,2005-2023,0.10133333333333333,60.919333333333334,65.16466666666666,-0.5805741333333333,1211.40488,1635.088441277494,0.08510638297872339,0.6431426922481384,0.7799543583032779,0.709932348000343,0.1465895769780431,0.4654288955769237,2.8301542540854494
Serbia,1988-2004,0.11111111111111112,15.61235294117647,27.361176470588234,,592.4230882352941,844.8590997831761,0.0975886524822695,0.1648240411295217,0.3274852758121537,0.8,0.07168788183884289,0.24048964435402256,1.7020754956168105
Serbia,2005-2023,0.054285714285714284,27.223333333333333,49.34733333333333,0.6369627999999999,1019.3751466666666,1563.9597780254403,0.02504559270516717,0.28740445658141073,0.5906370687178832,0.4509644151844491,0.12335245961019843,0.44518207935247467,1.9225860721515833
Seychelles,1988-2004,0.16636363636363635,57.84058823529412,42.49941176470588,,2949.612176470588,1069.6435148416897,0.1681237911025145,0.610639506432491,0.5086744569839682,0.8,0.35692641521974755,0.30447466155703595,2.7488388312957572
Seychelles,2005-2023,0.10071428571428571,77.05,66.026,,3679.38036,1977.9231135465373,0.08431610942249239,0.8134387184865077,0.7902636366537933,0.8,0.4452341404747518,0.5630169885824551,3.49626959362
Sierra Leone,1988-2004,0.23,6.473529411764706,9.175882352941176,,763.2545941176471,207.2325135947655,0.24936170212765957,0.06834288733018298,0.10982591945207433,0.8,0.09235984593214934,0.058988858030629594,1.3788792128726959
Sierra Leone,2005-2023,0.23199999999999998,26.365999999999996,26.425333333333334,,1214.7749666666666,615.7714663743327,0.2519148936170212,0.2783533452513337,0.31628419137595354,0.8,0.14699738413401722,0.17527971349272686,1.9688295278710526
Singapore,1988-2004,0.09375,14.928823529411765,66.60117647058823,1.5300539,3529.7898705882353,2861.0173483195877,0.07542553191489361,0.15760782712882454,0.7971479102636553,0.26100553208915245,0.42713250746596865,0.8143902868119022,2.5327095956743966
Singapore,2005-2023,0.062,17.896,69.60666666666667,1.8541913333333333,2609.2069333333334,2585.7634268015513,0.03489361702127659,0.188933151278839,0.8331205515304331,0.19206207849816237,0.31573468699045554,0.7360390946309682,2.300783179950135
Slovak Republic,1988-2004,0.15272727272727274,12.176470588235293,41.25764705882353,1.2732033,803.1189705882352,1368.650721561472,0.15071566731141198,0.12855045595045778,0.4938118045085961,0.3156371963150716,0.09718375095333183,0.3895872404731944,1.5754861155120636
Slovak Republic,2005-2023,0.08333333333333333,13.168000000000001,72.09533333333333,1.4317593333333334,1900.72804,2505.5113150598377,0.06212765957446807,0.13901831336833662,0.862907344163927,0.28191261099558895,0.23000313432277483,0.7131952833772608,2.289164345802356
Slovenia,1988-2004,0.1190909090909091,7.83235294117647,40.695882352941176,1.4942688,721.8931294117647,1339.2911326899225,0.10777562862669245,0.08268837299421958,0.4870880559941572,0.26861695899448546,0.08735478138723222,0.3812300160698456,1.4147538140666325
Slovenia,2005-2023,0.07533333333333334,14.924666666666667,65.86733333333333,1.5614028,1315.4316133333334,1903.9790696218683,0.05191489361702127,0.15756394194901535,0.7883645590629089,0.2543376770066572,0.15917763493084003,0.5419687725780283,1.953327479144471
Small states,1988-2004,,48.32823529411765,52.21705882352941,,1566.3760529411766,0,,0.5102148966172807,0.6249847454222185,0.8,0.1895438979816425,0,2.1247435400211416
Small states,2005-2023,,61.843333333333334,64.03266666666667,,2288.4407066666668,0,,0.6528976224996833,0.7664054770036067,0.8,0.2769194351681996,0,2.4962225346714897
Solomon Islands,1988-2004,0.16749999999999998,11.395294117647058,0,,699.0120470588236,280.0719661242787,0.16957446808510632,0.12030335423537526,0,0.8,0.08458598935222127,0.07972265143861906,1.254186463111322
Solomon Islands,2005-2023,0.37357142857142855,83.01333333333334,40.63733333333334,,4124.9023,1663.348239425806,0.432644376899696,0.8763953210118101,0.4863872841594587,0.8,0.4991458208693669,0.4734730638979469,3.5680458668382786
South Africa,1988-2004,0.062307692307692314,21.26705882352941,44.12705882352941,0.3005441,984.551594117647,1792.707927794043,0.035286415711947634,0.22452237605955797,0.528155726239939,0.5225200722774059,0.11913853417427528,0.5102953759940212,1.939918500457147
South Africa,2005-2023,0.07200000000000001,34.444,58.754,0.0810186,1127.12772,2031.6302516286266,0.047659574468085115,0.36363508396559735,0.70322524017746,0.5692127543463871,0.13639137368757023,0.5783047573239515,2.3984287839690515
South Asia,1988-2004,,22.171176470588236,32.70647058823529,,1544.9239470588234,0,,0.23406740266805334,0.39146297502755206,0.8,0.18694802340783168,0,1.6124784011034372
South Asia,2005-2023,,28.030666666666665,33.535333333333334,,1137.7104266666668,0,,0.2959277037203868,0.4013836136733586,0.8,0.13767196494088382,0,1.6349832823346293
Spain,1988-2004,0.11875,21.749411764705883,57.80117647058824,1.1006746,1154.5558117647058,1934.05961445892,0.10734042553191488,0.22961471296194327,0.6918209178280486,0.35233374289792696,0.1397103898443346,0.5505312175249956,2.0713514065891636
Spain,2005-2023,0.06133333333333334,25.269333333333332,61.64066666666667,0.9290494666666667,1043.5318666666667,1786.0832553189482,0.03404255319148936,0.266775523993187,0.7377756854233826,0.3888381024633525,0.12627561389530997,0.5084096590408556,2.062117138007577
Sri Lanka,1988-2004,0.19090909090909092,16.386470588235294,25.339411764705883,-0.5349225,1973.4475176470587,1158.7090683901004,0.199458413926499,0.1729966208411547,0.30328682173453464,0.7002223270635359,0.23880276658638813,0.32982722425364236,1.9445941744057547
Sri Lanka,2005-2023,0.09384615384615384,24.449333333333332,40.68933333333334,-0.3645452,2281.05674,1536.084589079187,0.0755482815057283,0.258118551259132,0.48700967093294184,0.6639833794211372,0.27602591676823524,0.43724739026916354,2.197933190156338
St. Kitts and Nevis,1988-2004,0.4354545454545454,27.261764705882353,48.54529411764706,,2857.0868529411764,1311.5620646153536,0.5116441005802707,0.28781018748908044,0.5810374802629232,0.8,0.34573011887006383,0.37333692037941274,2.899558807581751
St. Kitts and Nevis,2005-2023,0.4253846153846154,16.232666666666667,68.814,,4787.878526666667,1766.6120267228025,0.49878887070376426,0.17137286918821526,0.8236331428936197,0.8,0.5793711907833183,0.5028671622607124,3.37603323582963
St. Lucia,1988-2004,0.3830769230769231,54.61764705882353,51.57176470588235,,2499.8561764705883,1300.7604014203102,0.4447790507364975,0.5766140016908214,0.6172612353485647,0.8,0.30250238005873953,0.37026222053789526,3.1114188883725182
St. Lucia,2005-2023,0.21933333333333332,53.321333333333335,77.994,,1530.1000066666668,1685.5480489328615,0.23574468085106376,0.5629284497684436,0.9335083463662187,0.8,0.18515420931057136,0.4797922528543646,3.197127939150662
St. Vincent and the Grenadines,1988-2004,0.11454545454545455,52.15470588235294,40.65294117647059,,3355.8628470588237,1085.8538878896165,0.10197292069632494,0.5506120326538859,0.48657409406582847,0.8,0.4060859612408729,0.30908895386937824,2.6543339625262905
St. Vincent and the Grenadines,2005-2023,0.17333333333333334,75.03466666666667,74.05466666666666,,3398.1055533333333,1652.4753035299323,0.17702127659574465,0.7921622724905336,0.886358558616067,0.8,0.41119766298933214,0.4703780762398228,3.5371178469315003
Sudan,1988-2004,0.168,23.21029411764706,16.95294117647059,,2520.1357588235296,1162.1479731091563,0.17021276595744683,0.24503766259252113,0.202909353074478,0.8,0.30495637000668246,0.3308061105236315,2.05392226215476
Sudan,2005-2023,0.3038461538461539,30.534,28.818333333333335,,4245.8693066666665,1908.0676755349953,0.343633387888707,0.3223561042215059,0.34492595193259074,0.8,0.5137837859529868,0.5431325966786434,2.867831826674434
Suriname,1988-2004,0.13444444444444445,7.654117647058824,34.906470588235294,,2733.2597705882354,1020.2115960453342,0.12737588652482268,0.08080669240711867,0.4177947231364538,0.8,0.33074606199508827,0.2904038365234613,2.047127200586945
Suriname,2005-2023,0.17866666666666667,16.899333333333335,66.49933333333334,,5530.659813333334,1886.0575562277272,0.18382978723404256,0.17841105840289412,0.7959289521560117,0.8,0.6692536044976111,0.5368674031502161,3.1642908054407757
Sweden,1988-2004,0.057692307692307696,16.30764705882353,51.50411764705883,2.1184601,1278.7627764705883,1798.1733405455454,0.029394435351882162,0.1721644584693015,0.6164515692970879,0.13585258346123763,0.15474041549022932,0.511851108978603,1.6204545710483416
Sweden,2005-2023,0.042,24.868666666666666,64.93266666666666,1.7958005333333333,1358.5380533333334,2079.5360994182215,0.009361702127659579,0.26254557227516506,0.77717755577543,0.2044816974497351,0.16439385529527292,0.5919411853394091,2.0099015682626717
Switzerland,1988-2004,0.13294117647058823,6.405882352941177,66.05235294117647,2.2519354,1842.142088235294,2124.932667703685,0.12545682102628283,0.06762871813045822,0.7905790543851512,0.10746262536087181,0.22291377053711445,0.6048633454542331,1.9189043348941117
Switzerland,2005-2023,0.066,6.349333333333333,57.584666666666664,2.1131994,2146.172413333333,1782.3161789336057,0.04,0.06703171408060134,0.6892295170916982,0.13697152496261356,0.25970384582938044,0.5073373585112193,1.7002739604755128
Syrian Arab Republic,1988-2004,0.09,20.091176470588234,9.799411764705884,,1266.3649470588234,378.24475909520515,0.07063829787234041,0.2121082523182553,0.11728892827438339,0.8,0.1532401800207168,0.10766759524389775,1.4609432537295937
Syrian Arab Republic,2005-2023,0.09,27.52733333333333,20.604,,1066.1535066666665,644.6334578924385,0.07063829787234041,0.29061387086330426,0.24660879001627778,0.8,0.12901301135250823,0.18349529651398971,1.7203692666184205
Tanzania,1988-2004,0.074,27.861764705882354,39.981764705882355,-1.0998433,1137.5844588235295,1142.526783298335,0.0502127659574468,0.2941445577822914,0.4785407987203052,0.820379973025187,0.13765672183501296,0.3252209271946975,2.1061557445149406
Tanzania,2005-2023,0.07428571428571429,44.69866666666667,68.91533333333334,-0.7184076,1731.3887533333334,1975.5616304525174,0.0505775075987842,0.4718965104657874,0.824845999170151,0.7392492803728107,0.2095117405632993,0.5623447910177077,2.8584258291885405
Thailand,1988-2004,0.1288235294117647,23.197647058823527,54.309411764705885,0.4154479,1462.398194117647,2537.7454558970367,0.1202002503128911,0.24490414400300736,0.6500280684231179,0.4980802390830036,0.1769617542313021,0.72237075070428,2.412545206757602
Thailand,2005-2023,0.06,21.232666666666667,53.41066666666667,1.022278,1504.9547733333334,2237.139702189982,0.032340425531914886,0.2241592882983066,0.6392710095432639,0.3690085598057079,0.18211143708948907,0.6368031444391222,2.0836938647078047
Timor-Leste,1988-2004,0.49,0.4876470588235294,4.841176470588235,,170.99810588235295,111.4069295276832,0.5812765957446807,0.005148228404972439,0.05794392698830513,0.8,0.0206921240117018,0.031712048633390014,1.49677292378305
Timor-Leste,2005-2023,0.39666666666666667,9.341333333333333,16.267333333333333,,681.5610866666667,238.28433511658156,0.462127659574468,0.09861910727608,0.19470332897130638,0.8,0.08247428504593941,0.06782777746257111,1.705752158330365
Togo,1988-2004,0.06545454545454546,37.88764705882353,40.89411764705883,-0.6833199,1420.1198941176472,1030.3272044830705,0.039303675048355906,0.3999906433484558,0.48946072955370273,0.7317861892028473,0.17184574536038622,0.2932832504709942,2.125670232984742
Togo,2005-2023,0.09,50.401333333333334,60.190666666666665,-0.6715772666666666,1337.2430066666666,1514.1405038275968,0.07063829787234041,0.5321011810081502,0.7204206696243337,0.7292885520495965,0.16181698612945417,0.4310009933738899,2.645266680057765
Tonga,1988-2004,0.312,28.334117647058825,12.918235294117647,,1510.3827705882352,398.3647943340862,0.3540425531914893,0.2991313218464565,0.15461805353464994,0.8,0.18276826771199245,0.11339477522009815,1.9039549715046864
Tonga,2005-2023,0.171,59.614,44.052,,2449.9469533333336,1105.5358047325462,0.17404255319148937,0.6293619177657972,0.5272573489515177,0.8,0.29646296910061876,0.31469142318405613,2.7418162121934793
Trinidad and Tobago,1988-2004,0.3578571428571429,54.01352941176471,43.96588235294118,0.023064400000000002,3068.3135117647057,1689.4518598242307,0.41258358662613975,0.5702361602289316,0.5262266088651157,0.5815395092571475,0.3712902161378135,0.48090347494232183,2.94277955605747
Trinidad and Tobago,2005-2023,0.24909090909090909,50.224,33.23266666666667,-0.2898172666666667,3347.07874,2052.9410750841744,0.27373307543520303,0.5302290226770456,0.39776100347898247,0.6480888813659894,0.40502301477339386,0.5843708958730082,2.8392058936036224
Tunisia,1988-2004,0.19357142857142856,19.108235294117648,42.78411764705882,-0.1070359,1834.5160470588235,1698.98761180932,0.2028571428571428,0.20173106333790677,0.5120820949745318,0.6092116108807815,0.22199095920579806,0.48361783240634254,2.2314907036625033
Tunisia,2005-2023,0.14866666666666667,24.987333333333332,58.358666666666664,0.29560193333333334,1530.6088266666666,1907.150871030368,0.145531914893617,0.26379836995537786,0.6984935048354665,0.5235712623072594,0.18521578055713753,0.5428716277320859,2.359482460280944
Turkiye,1988-2004,0.16125,21.771176470588237,45.60470588235294,0.1322594,1660.1037588235295,1887.2447894146596,0.16159574468085103,0.22984448913924604,0.5458416490339393,0.5583139276344095,0.20088569211113003,0.5372053497817478,2.233686852381324
Turkiye,2005-2023,0.037333333333333336,18.455333333333332,47.467333333333336,0.5295077333333333,1162.3069666666665,1832.28085917908,0.0034042553191489418,0.19483819202995453,0.5681353930611854,0.4738199160923975,0.14064834092652745,0.5215598344075911,1.902405931836805
Turkmenistan,1988-2004,0.27749999999999997,16.935882352941178,8.328823529411764,-0.7788949000000001,1327.9042411764706,561.1207336936291,0.3099999999999999,0.17879691677631063,0.0996874923727111,0.7521148211328184,0.16068692160246878,0.15972334998851392,1.6610095018728226
Turkmenistan,2005-2023,,0,0,-1.0572599333333332,0,0,,0,0,0.8113225669325302,0,0,0.8113225669325302
Turks and Caicos Islands,1988-2004,0.275,13.144117647058824,4.665882352941177,,864.7507705882354,857.1941502188674,0.30680851063829784,0.13876618058999898,0.0558458358288258,0.8,0.1046416864788973,0.24400082378397678,1.6500630373199967
Turks and Caicos Islands,2005-2023,0.21857142857142858,21.994666666666667,10.752666666666666,,1261.2333533333333,856.6360930956494,0.23477203647416411,0.23220393857068453,0.12869841371165938,0.8,0.1526192165708727,0.24384197249252904,1.7921355778199097
Tuvalu,1988-2004,0.49333333333333335,0.9947058823529412,20.13058823529412,,517.6065647058824,569.5023803367296,0.5855319148936169,0.010501392319431115,0.24094253577081148,0.8,0.06263449042841349,0.16210919068173443,1.8617195240940074
Tuvalu,2005-2023,0.23333333333333334,1.29,10.5,,143.82099333333335,299.541822048514,0.2536170212765957,0.01361889613040357,0.12567425233794005,0.8,0.017403478326168943,0.08526475748688803,1.2955784055579964
Uganda,1988-2004,0.06,51.81117647058824,43.59647058823529,-1.1714794,2533.063911764706,1144.5026125308327,0.032340425531914886,0.5469852951526749,0.5218051281666156,0.8356168436482432,0.30652077881998896,0.3257833481587962,2.5690518194782337
Uganda,2005-2023,0.06357142857142857,63.53733333333333,65.31733333333334,-0.591225,1690.3137199999999,1701.0746582955417,0.03689969604863221,0.6707816612941822,0.7817816220356836,0.7121977683320391,0.20454133648114603,0.48421191142774456,2.8904139956194275
Ukraine,1988-2004,0.08888888888888889,13.762941176470587,33.207647058823525,0.6136068,1039.7687176470588,1146.7131532080723,0.06921985815602837,0.14529927622574204,0.397461544382842,0.45593219470164925,0.12582024308411624,0.32641257987499117,1.520145696425369
Ukraine,2005-2023,0.05857142857142857,37.408,60.802,0.4524936666666667,1674.7108666666666,1822.9443416052475,0.030516717325227965,0.3949268732140595,0.7277377038715649,0.49020067062754713,0.2026532677540465,0.518902189137022,2.364937421929468
United Arab Emirates,1988-2004,0.20333333333333334,23.83823529411765,12.434705882352942,-0.2481831,2189.008494117647,1156.0920893125747,0.2153191489361702,0.2516670158160532,0.14883070141018012,0.639233368419322,0.2648873505892175,0.32908229960549973,1.8490198847764427
United Arab Emirates,2005-2023,0.08266666666666667,39.592666666666666,36.76533333333333,-0.10671313333333333,2754.7254000000003,2064.356531180869,0.06127659574468084,0.41799101927056204,0.4400434074877916,0.609142958986814,0.3333435730229769,0.5876203122283952,2.4494178667412205
United Kingdom,1988-2004,0.059166666666666666,11.698235294117648,48.40764705882353,1.9927309,1121.9844470588237,1686.8625221702534,0.03127659574468085,0.12350159021675139,0.5793899858625267,0.1625949599158516,0.1357689969602042,0.48016641844180324,1.512698547141818
United Kingdom,2005-2023,0.052000000000000005,18.621333333333332,65.70400000000001,1.6185227333333334,1299.80994,1943.9493810291383,0.02212765957446809,0.19659070114440955,0.7864096262487633,0.24218836912700437,0.1572872888348077,0.553346345450855,1.9579499903803081
United States,1988-2004,0.07928571428571429,12.65529411764706,57.17588235294118,1.8694403,1444.0800294117646,2033.7824348833708,0.056960486322188454,0.1336055318511183,0.6843367872826575,0.18881865050256663,0.17474511134040552,0.5789173775651857,1.817383944864122
United States,2005-2023,0.058666666666666666,19.556,67.496,1.5829554,1357.5978533333334,2264.807605249942,0.03063829787234042,0.2064582424233893,0.8078580319811048,0.24975347745097964,0.1642800836549649,0.6446788294718324,2.1036669628546116
Uruguay,1988-2004,0.11545454545454546,35.69529411764706,37.43352941176471,0.1332959,1005.8906882352942,1189.5427771354164,0.10313346228239845,0.3768453511104192,0.44804103058988753,0.558093465934222,0.12172073343023382,0.33860405775425756,1.9464381011014187
Uruguay,2005-2023,0.07666666666666667,73.526,58.525333333333336,0.0878708,2061.1732,1804.022476357466,0.05361702127659575,0.7762348502977153,0.700488334237656,0.5677553036353167,0.24941826837157813,0.5135160689601528,2.8610298467790147
Vanuatu,1988-2004,0.16,10.449411764705882,0,,956.4042352941176,209.61936232533773,0.16,0.1103174057731368,0,0.8,0.11573248101144637,0.059668275938881375,1.2457181627234646
Vanuatu,2005-2023,0.328,25.018,26.843333333333334,,1034.5310666666667,553.1838561952236,0.3744680851063829,0.2641221266592531,0.32128722351664485,0.8,0.12518644586714092,0.1574641130963945,2.042527994245816
"Venezuela, RB",1988-2004,0.39454545454545453,54.12705882352941,42.17294117647059,-0.07768230000000001,4198.314611764706,1516.6297474977878,0.45941972920696317,0.5714347224510784,0.5047669382137968,0.6029681525473303,0.5080292915439844,0.431709558062497,3.07832839202565
"Venezuela, RB",2005-2023,0.34444444444444444,48.781333333333336,37.67133333333333,-1.1435837333333334,4514.728253333334,1370.4997469251782,0.39546099290780135,0.5149983812164807,0.45088730011809386,0.8296834851328592,0.5463178461250319,0.39011356664075697,3.1274615721410237
Vietnam,1988-2004,0.074,14.740588235294117,14.81529411764706,-0.6524319,386.9507117647059,570.9200387194596,0.0502127659574468,0.15562057370350343,0.1773239058478072,0.7252163667277969,0.04682409827252876,0.16251272798205557,1.3177104384911387
Vietnam,2005-2023,0.076,29.93466666666667,53.86066666666667,-0.03427486666666666,1481.9118799999999,2172.0417596837647,0.0527659574468085,0.3160287721175096,0.6446570489291755,0.5937354689453622,0.17932306464535336,0.6182729764554707,2.40478328853968
Wallis and Futura Isl.,1988-2004,0.258,0,21.88823529411765,,0,486.3054762957932,0.28510638297872337,0,0.2619797719604902,0.8,0,0.1384271425517026,1.4855132974909162
Wallis and Futura Isl.,2005-2023,0.22999999999999998,0,10.484666666666666,,0,218.95457508542302,0.2493617021276595,0,0.12549072803293862,0.8,0,0.062325549793442694,1.2371779799540408
World,1988-2004,0.06941176470588235,19.722941176470588,60.63117647058824,,1336.0214588235294,2289.5744342281423,0.04435544430538172,0.20822068780497094,0.7256931210772266,0.8,0.1616691691736698,0.6517287220447749,2.591667144406024
World,2005-2023,0.04133333333333333,24.076666666666668,61.486666666666665,,1235.3103866666668,2040.3190874302772,0.00851063829787234,0.2541842034881266,0.7359324630557594,0.8,0.14948233246183515,0.5807780395935344,2.528887676897128
"Yemen, Rep.",1988-2004,0.24,5.670588235294117,3.649411764705883,-1.5463987,492.5030647058824,99.5045509275549,0.26212765957446804,0.05986600943779772,0.04367972333358993,0.9153615096502563,0.059596768270922834,0.02832402949831011,1.368955699765345
"Yemen, Rep.",2005-2023,0.2053846153846154,79.398,53.88133333333334,-1.1422992,6275.17796,1415.363544498029,0.21793780687397704,0.8382272209006066,0.6449044077750471,0.8294102671853298,0.7593461920166108,0.40288407325592474,3.692709968007496
Zambia,1988-2004,0.067,9.450588235294118,37.572941176470586,-0.7256187,2943.4200764705884,1183.5542804918402,0.04127659574468085,0.0997725422850268,0.44970964671336594,0.7407830684733622,0.3561771221183315,0.33689942862923716,2.0246184039640043
Zambia,2005-2023,0.15333333333333332,15.599333333333334,56.702666666666666,-0.7151194666666667,5676.814193333333,1879.0327292152836,0.15148936170212762,0.16468658943427036,0.6786728798953113,0.7385499002810503,0.6869394410757896,0.5348677819704185,2.9552059543589677
Zimbabwe,1988-2004,0.058333333333333334,19.513529411764708,19.971764705882354,-0.4166265,714.5096647058823,628.5621518083541,0.03021276595744681,0.20600986836930127,0.23904158069343087,0.6750609789830979,0.08646132372849503,0.17892058969547048,1.4157071074272425
Zimbabwe,2005-2023,0.11866666666666667,46.55,67.22133333333333,-0.7339285333333333,1961.7047133333333,1652.7134857293468,0.10723404255319148,0.4914415619149505,0.8045705531262967,0.7425505551930351,0.23738179433730414,0.4704458749442972,2.853624382069075
